Lemma;ID;Eng Gloss;POS;Level;Word source;Ex. ID;Form ;Analysis;Example Sentence;Translation;Reference;Topic(s)
аппетит;1416;_;N.Masc.Inan;A2;MiP, LM;1;аппетит;Acc.Sing;_;_;_;_
аппетит;1417;_;N.Masc.Inan;A2;MiP, LM;2;аппетиты;Nom.Plur;_;_;_;_
аппетит;1418;_;N.Masc.Inan;A2;MiP, LM;3;аппетитом;Ins.Sing;_;_;_;_
багаж;1419;_;N.Masc.Inan;A2;Golosa, MiP, LM, МН;1;багажа;Gen.Sing;_;_;_;_
багаж;1420;_;N.Masc.Inan;A2;Golosa, MiP, LM, МН;2;багаж;Nom.Sing;_;_;_;_
багаж;1421;_;N.Masc.Inan;A2;Golosa, MiP, LM, МН;3;багажом;Ins.Sing;_;_;_;_
бег;1422;_;N.Masc.Inan;A2;LM;1;бегу;Loc.Sing;_;_;_;_
бег;1423;_;N.Masc.Inan;A2;LM;2;бега;Gen.Sing;_;_;_;_
бег;1424;_;N.Masc.Inan;A2;LM;3;беге;Loc.Sing;_;_;_;_
бегать;1425;_;V;A2;Golosa, LM, МН;1;бегали;Plur.Past;_;_;_;_
бегать;1426;_;V;A2;Golosa, LM, МН;2;бегать;Inf;_;_;_;_
бегать;1427;_;V;A2;Golosa, LM, МН;3;бегала;Fem.Sing.Past;_;_;_;_
бежать;1428;_;V;A2;LM;1;бежать;Inf;_;_;_;_
бежать;1429;_;V;A2;LM;2;бежит;Sing.3.Pres/Fut;_;_;_;_
бежать;1430;_;V;A2;LM;3;бежал;Masc.Sing.Past;_;_;_;_
берег;1431;_;N.Masc.Inan;A2;LM;1;берегу;Loc.Sing;_;_;_;_
берег;1432;_;N.Masc.Inan;A2;LM;2;берег;Acc.Sing;_;_;_;_
берег;1433;_;N.Masc.Inan;A2;LM;3;берега;Gen.Sing;_;_;_;_
беречь;1434;_;V;A2;LM;1;беречь;Inf;_;_;_;_
беречь;1435;_;V;A2;LM;2;берёг;Masc.Sing.Past;_;_;_;_
беречь;1436;_;V;A2;LM;3;берегла;Fem.Sing.Past;_;_;_;_
беседовать;1437;_;V;A2;LM;1;беседовали;Plur.Past;_;_;_;_
беседовать;1438;_;V;A2;LM;2;беседуем;Plur.1.Pres/Fut;_;_;_;_
беседовать;1439;_;V;A2;LM;3;беседовать;Inf;_;_;_;_
бесплатный;1440;_;A;A2;LM;1;бесплатного;Gen.Masc.Sing;_;_;_;_
бесплатный;1441;_;A;A2;LM;2;бесплатная;Nom.Fem.Sing;_;_;_;_
бесплатный;1442;_;A;A2;LM;3;бесплатной;Gen.Fem.Sing;_;_;_;_
бесплатный;1443;_;A;A2;Golosa;1;бесплатного;Gen.Masc.Sing;_;_;_;_
бесплатный;1444;_;A;A2;Golosa;2;бесплатная;Nom.Fem.Sing;_;_;_;_
бесплатный;1445;_;A;A2;Golosa;3;бесплатной;Gen.Fem.Sing;_;_;_;_
биография;1446;_;N.Fem.Inan;A2;LM;1;биография;Nom.Sing;_;_;_;_
биография;1447;_;N.Fem.Inan;A2;LM;2;биографии;Gen.Sing;_;_;_;_
биография;1448;_;N.Fem.Inan;A2;LM;3;биографию;Acc.Sing;_;_;_;_
бить;1449;_;V;A2;LM;1;бьёт;Sing.3.Pres/Fut;_;_;_;_
бить;1450;_;V;A2;LM;2;бить;Inf;_;_;_;_
бить;1451;_;V;A2;LM;3;бил;Masc.Sing.Past;_;_;_;_
благодарить;1452;_;V;A2;LM;1;благодарю;Sing.1.Pres/Fut;_;_;_;_
благодарить;1453;_;V;A2;LM;2;благодарит;Sing.3.Pres/Fut;_;_;_;_
благодарить;1454;_;V;A2;LM;3;благодарил;Masc.Sing.Past;_;_;_;_
бог;1455;_;N.Masc.Anim;A2;MiP, LM;1;бог;Nom.Sing;_;_;_;_
бог;1456;_;N.Masc.Anim;A2;MiP, LM;2;богу;Dat.Sing;_;_;_;_
бог;1457;_;N.Masc.Anim;A2;MiP, LM;3;бога;Gen.Sing;_;_;_;_
больница;1458;_;N.Fem.Inan;A2;Golosa, LM;1;больнице;Loc.Sing;_;_;_;_
больница;1459;_;N.Fem.Inan;A2;Golosa, LM;2;больницу;Acc.Sing;_;_;_;_
больница;1460;_;N.Fem.Inan;A2;Golosa, LM;3;больницы;Gen.Sing;_;_;_;_
булочка;1461;_;N.Fem.Inan;A2;Golosa, MiP, LM, МН;1;булочки;Nom.Plur;_;_;_;_
бумага;1462;_;N.Fem.Inan;A2;LM;1;бумаги;Gen.Sing;_;_;_;_
бумага;1463;_;N.Fem.Inan;A2;LM;2;бумагу;Acc.Sing;_;_;_;_
бумага;1464;_;N.Fem.Inan;A2;LM;3;бумаге;Loc.Sing;_;_;_;_
бутерброд;1465;_;N.Masc.Inan;A2;Golosa, MiP, LM, МН;1;бутерброды;Acc.Plur;_;_;_;_
бутерброд;1466;_;N.Masc.Inan;A2;Golosa, MiP, LM, МН;2;бутербродах;Loc.Plur;_;_;_;_
бутерброд;1467;_;N.Masc.Inan;A2;Golosa, MiP, LM, МН;3;бутербродами;Ins.Plur;_;_;_;_
бутылка;1468;_;N.Fem.Inan;A2;Golosa, MiP, LM;1;бутылку;Acc.Sing;_;_;_;_
бутылка;1469;_;N.Fem.Inan;A2;Golosa, MiP, LM;2;бутылки;Gen.Sing;_;_;_;_
бутылка;1470;_;N.Fem.Inan;A2;Golosa, MiP, LM;3;бутылок;Gen.Plur;_;_;_;_
бывать;1471;_;V;A2;Golosa, MiP, LM, МН;1;бывает;Sing.3.Pres/Fut;_;_;_;_
бывать;1472;_;V;A2;Golosa, MiP, LM, МН;2;бывают;Plur.3.Pres/Fut;_;_;_;_
бывать;1473;_;V;A2;Golosa, MiP, LM, МН;3;бывало;Neut.Sing.Past;_;_;_;_
быстрый;1474;_;A;A2;Golosa, LM;1;быстрого;Gen.Neut.Sing;_;_;_;_
быстрый;1475;_;A;A2;Golosa, LM;2;быстрое;Nom.Neut.Sing;_;_;_;_
быстрый;1476;_;A;A2;Golosa, LM;3;быстрой;Gen.Fem.Sing;_;_;_;_
важный;1477;_;A;A2;Golosa, LM;1;важно;Neut.Sing;_;_;_;_
важный;1478;_;A;A2;Golosa, LM;2;важное;Nom.Neut.Sing;_;_;_;_
важный;1479;_;A;A2;Golosa, LM;3;важную;Acc.Fem.Sing;_;_;_;_
варить;1480;_;V;A2;LM;1;варить;Inf;_;_;_;_
варить;1481;_;V;A2;LM;2;варят;Plur.3.Pres/Fut;_;_;_;_
варить;1482;_;V;A2;LM;3;варили;Plur.Past;_;_;_;_
везти;1483;_;V;A2;LM, Поехали;1;везёт;Sing.3.Pres/Fut;_;_;_;_
везти;1484;_;V;A2;LM, Поехали;2;везли;Plur.Past;_;_;_;_
везти;1485;_;V;A2;LM, Поехали;3;везло;Neut.Sing.Past;_;_;_;_
вера;1486;_;N.Fem.Inan;A2;LM;1;вера;Nom.Sing;_;_;_;_
вера;1487;_;N.Fem.Inan;A2;LM;2;веры;Gen.Sing;_;_;_;_
вера;1488;_;N.Fem.Inan;A2;LM;3;веру;Acc.Sing;_;_;_;_
верить;1489;_;V;A2;LM, МН;1;верить;Inf;_;_;_;_
верить;1490;_;V;A2;LM, МН;2;верю;Sing.1.Pres/Fut;_;_;_;_
верить;1491;_;V;A2;LM, МН;3;верит;Sing.3.Pres/Fut;_;_;_;_
вернуть;1492;_;V;A2;MiP, LM;1;вернуть;Inf;_;_;_;_
вернуть;1493;_;V;A2;MiP, LM;2;вернули;Plur.Past;_;_;_;_
вернуть;1494;_;V;A2;MiP, LM;3;вернула;Fem.Sing.Past;_;_;_;_
вернуться;1495;_;V;A2;MiP, LM, МН;1;вернулся;Masc.Sing.Past;_;_;_;_
вернуться;1496;_;V;A2;MiP, LM, МН;2;вернуться;Inf;_;_;_;_
вернуться;1497;_;V;A2;MiP, LM, МН;3;вернулись;Plur.Past;_;_;_;_
весенний;1498;_;A;A2;LM;1;весеннего;Gen.Masc.Sing;_;_;_;_
весенний;1499;_;A;A2;LM;2;весенний;Nom.Masc.Sing;_;_;_;_
весенний;1500;_;A;A2;LM;3;весеннюю;Acc.Fem.Sing;_;_;_;_
ветер;1501;_;N.Masc.Inan;A2;Golosa, LM;1;ветер;Nom.Sing;_;_;_;_
ветер;1502;_;N.Masc.Inan;A2;Golosa, LM;2;ветра;Gen.Sing;_;_;_;_
ветер;1503;_;N.Masc.Inan;A2;Golosa, LM;3;ветром;Ins.Sing;_;_;_;_
вещь;1504;_;N.Fem.Inan;A2;Golosa, LM, Поехали;1;вещей;Gen.Plur;_;_;_;_
вещь;1505;_;N.Fem.Inan;A2;Golosa, LM, Поехали;2;вещи;Acc.Plur;_;_;_;_
вещь;1506;_;N.Fem.Inan;A2;Golosa, LM, Поехали;3;вещь;Nom.Sing;_;_;_;_
вид;1507;_;N.Masc.Inan;A2;Golosa, MiP, LM;1;виде;Loc.Sing;_;_;_;_
вид;1508;_;N.Masc.Inan;A2;Golosa, MiP, LM;2;виду;Loc.Sing;_;_;_;_
вид;1509;_;N.Masc.Inan;A2;Golosa, MiP, LM;3;видов;Gen.Plur;_;_;_;_
вилка;1510;_;N.Fem.Inan;A2;LM, МН;1;вилкой;Ins.Sing;_;_;_;_
вилка;1511;_;N.Fem.Inan;A2;LM, МН;2;вилок;Gen.Plur;_;_;_;_
вилка;1512;_;N.Fem.Inan;A2;LM, МН;3;вилку;Acc.Sing;_;_;_;_
висеть;1513;_;V;A2;Golosa, LM, МН;1;висит;Sing.3.Pres/Fut;_;_;_;_
висеть;1514;_;V;A2;Golosa, LM, МН;2;висел;Masc.Sing.Past;_;_;_;_
висеть;1515;_;V;A2;Golosa, LM, МН;3;висела;Fem.Sing.Past;_;_;_;_
включать;1516;_;V;A2;Golosa, LM, МН;1;включает;Sing.3.Pres/Fut;_;_;_;_
включать;1517;_;V;A2;Golosa, LM, МН;2;включать;Inf;_;_;_;_
включать;1518;_;V;A2;Golosa, LM, МН;3;включают;Plur.3.Pres/Fut;_;_;_;_
включить;1519;_;V;A2;МН;1;включить;Inf;_;_;_;_
включить;1520;_;A;A2;МН;2;включены;Plur;_;_;_;_
включить;1521;_;V;A2;МН;3;включил;Masc.Sing.Past;_;_;_;_
вкусный;1522;_;A;A2;Golosa, MiP, LM, МН;1;вкусно;Neut.Sing;_;_;_;_
вкусный;1523;_;A;A2;Golosa, MiP, LM, МН;2;вкусные;Nom.Plur;_;_;_;_
вкусный;1524;_;A;A2;Golosa, MiP, LM, МН;3;вкусны;Plur;_;_;_;_
власть;1525;_;N.Fem.Inan;A2;LM;1;власти;Gen.Sing;_;_;_;_
власть;1526;_;N.Fem.Inan;A2;LM;2;власть;Nom.Sing;_;_;_;_
власть;1527;_;N.Fem.Inan;A2;LM;3;властей;Gen.Plur;_;_;_;_
внимание;1528;_;N.Neut.Inan;A2;Golosa, LM;1;внимание;Acc.Sing;_;_;_;_
внимание;1529;_;N.Neut.Inan;A2;Golosa, LM;2;внимания;Gen.Sing;_;_;_;_
внимание;1530;_;N.Neut.Inan;A2;Golosa, LM;3;вниманием;Ins.Sing;_;_;_;_
внимательный;1531;_;A;A2;LM;1;внимательны;Plur;_;_;_;_
внимательный;1532;_;A;A2;LM;2;внимательные;Nom.Plur;_;_;_;_
внимательный;1533;_;A;A2;LM;3;внимательными;Ins.Plur;_;_;_;_
водить;1534;_;V;A2;LM, Поехали;1;водит;Sing.3.Pres/Fut;_;_;_;_
водить;1535;_;V;A2;LM, Поехали;2;водил;Masc.Sing.Past;_;_;_;_
водить;1536;_;V;A2;LM, Поехали;3;водя;Pres/Fut;_;_;_;_
водка;1537;_;N.Fem.Inan;A2;MiP, LM, МН;1;водки;Gen.Sing;_;_;_;_
водка;1538;_;N.Fem.Inan;A2;MiP, LM, МН;2;водку;Acc.Sing;_;_;_;_
водка;1539;_;N.Fem.Inan;A2;MiP, LM, МН;3;водка;Nom.Sing;_;_;_;_
возвращать;1540;_;V;A2;LM;1;возвращают;Plur.3.Pres/Fut;_;_;_;_
возвращать;1541;_;V;A2;LM;2;возвращает;Sing.3.Pres/Fut;_;_;_;_
возвращать;1542;_;V;A2;LM;3;возвращать;Inf;_;_;_;_
возвращаться;1543;_;V;A2;Golosa, MiP, LM;1;возвращается;Sing.3.Pres/Fut;_;_;_;_
возвращаться;1544;_;V;A2;Golosa, MiP, LM;2;возвращаться;Inf;_;_;_;_
возвращаться;1545;_;V;A2;Golosa, MiP, LM;3;возвращаясь;Pres/Fut;_;_;_;_
воздух;1546;_;N.Masc.Inan;A2;LM, Поехали;1;воздуха;Gen.Sing;_;_;_;_
воздух;1547;_;N.Masc.Inan;A2;LM, Поехали;2;воздухе;Loc.Sing;_;_;_;_
воздух;1548;_;N.Masc.Inan;A2;LM, Поехали;3;воздух;Nom.Sing;_;_;_;_
возить;1549;_;V;A2;LM, Поехали;1;возить;Inf;_;_;_;_
возить;1550;_;V;A2;LM, Поехали;2;возила;Fem.Sing.Past;_;_;_;_
возить;1551;_;V;A2;LM, Поехали;3;возили;Plur.Past;_;_;_;_
возраст;1552;_;N.Masc.Inan;A2;Golosa, LM;1;возрасте;Loc.Sing;_;_;_;_
возраст;1553;_;N.Masc.Inan;A2;Golosa, LM;2;возраста;Gen.Sing;_;_;_;_
возраст;1554;_;N.Masc.Inan;A2;Golosa, LM;3;возраст;Nom.Sing;_;_;_;_
война;1555;_;N.Fem.Inan;A2;MiP, LM;1;войны;Gen.Sing;_;_;_;_
война;1556;_;N.Fem.Inan;A2;MiP, LM;2;война;Nom.Sing;_;_;_;_
война;1557;_;N.Fem.Inan;A2;MiP, LM;3;войну;Acc.Sing;_;_;_;_
войти;1558;_;V;A2;MiP;1;вошли;Plur.Past;_;_;_;_
войти;1559;_;V;A2;MiP;2;вошёл;Masc.Sing.Past;_;_;_;_
войти;1560;_;V;A2;MiP;3;войти;Inf;_;_;_;_
волноваться;1561;_;V;A2;Golosa, LM;1;волноваться;Inf;_;_;_;_
волноваться;1562;_;V;A2;Golosa, LM;2;волнуйся;Imper.Sing.2;_;_;_;_
волноваться;1563;_;V;A2;Golosa, LM;3;волнуется;Sing.3.Pres/Fut;_;_;_;_
волос;1564;_;N.Masc.Inan;A2;LM;1;волосы;Acc.Plur;_;_;_;_
волос;1565;_;N.Masc.Inan;A2;LM;2;волос;Gen.Plur;_;_;_;_
волос;1566;_;N.Masc.Inan;A2;LM;3;волосами;Ins.Plur;_;_;_;_
восток;1567;_;N.Masc.Inan;A2;Golosa, LM, МН;1;востока;Gen.Sing;_;_;_;_
восток;1568;_;N.Masc.Inan;A2;Golosa, LM, МН;2;востоке;Loc.Sing;_;_;_;_
восток;1569;_;N.Masc.Inan;A2;Golosa, LM, МН;3;восток;Nom.Sing;_;_;_;_
восточный;1570;_;A;A2;LM, МН;1;восточных;Gen.Plur;_;_;_;_
восточный;1571;_;A;A2;LM, МН;2;восточные;Nom.Plur;_;_;_;_
восточный;1572;_;A;A2;LM, МН;3;восточной;Gen.Fem.Sing;_;_;_;_
враг;1573;_;N.Masc.Anim;A2;LM;1;враг;Nom.Sing;_;_;_;_
враг;1574;_;N.Masc.Anim;A2;LM;2;врага;Gen.Sing;_;_;_;_
враг;1575;_;N.Masc.Anim;A2;LM;3;враги;Nom.Plur;_;_;_;_
вспоминать;1576;_;V;A2;LM;1;вспоминать;Inf;_;_;_;_
вспоминать;1577;_;V;A2;LM;2;вспоминаю;Sing.1.Pres/Fut;_;_;_;_
вспоминать;1578;_;V;A2;LM;3;вспоминает;Sing.3.Pres/Fut;_;_;_;_
вспомнить;1579;_;V;A2;LM;1;вспомнить;Inf;_;_;_;_
вспомнить;1580;_;V;A2;LM;2;вспомнил;Masc.Sing.Past;_;_;_;_
вспомнить;1581;_;V;A2;LM;3;вспомнили;Plur.Past;_;_;_;_
вставать;1582;_;V;A2;Golosa, MiP, LM, МН;1;встаёт;Sing.3.Pres/Fut;_;_;_;_
вставать;1583;_;V;A2;Golosa, MiP, LM, МН;2;вставать;Inf;_;_;_;_
вставать;1584;_;V;A2;Golosa, MiP, LM, МН;3;вставала;Fem.Sing.Past;_;_;_;_
встреча;1585;_;N.Fem.Inan;A2;LM;1;встречи;Gen.Sing;_;_;_;_
встреча;1586;_;N.Fem.Inan;A2;LM;2;встреча;Nom.Sing;_;_;_;_
встреча;1587;_;N.Fem.Inan;A2;LM;3;встреч;Gen.Plur;_;_;_;_
встречаться;1588;_;V;A2;Golosa, LM;1;встречаются;Plur.3.Pres/Fut;_;_;_;_
встречаться;1589;_;V;A2;Golosa, LM;2;встречается;Sing.3.Pres/Fut;_;_;_;_
встречаться;1590;_;V;A2;Golosa, LM;3;встречались;Plur.Past;_;_;_;_
второй;1591;_;A;A2;Golosa, MiP, LM;1;второй;Nom.Masc.Sing;_;_;_;_
второй;1592;_;A;A2;Golosa, MiP, LM;2;вторая;Nom.Fem.Sing;_;_;_;_
второй;1593;_;A;A2;Golosa, MiP, LM;3;втором;Loc.Masc.Sing;_;_;_;_
входить;1594;_;V;A2;Golosa, MiP, LM;1;входит;Sing.3.Pres/Fut;_;_;_;_
входить;1595;_;V;A2;Golosa, MiP, LM;2;входят;Plur.3.Pres/Fut;_;_;_;_
входить;1596;_;V;A2;Golosa, MiP, LM;3;входил;Masc.Sing.Past;_;_;_;_
вчерашний;1597;_;A;A2;LM;1;вчерашнего;Gen.Neut.Sing;_;_;_;_
вчерашний;1598;_;A;A2;LM;2;вчерашней;Gen.Fem.Sing;_;_;_;_
вчерашний;1599;_;A;A2;LM;3;вчерашних;Gen.Plur;_;_;_;_
выбирать;1600;_;V;A2;LM;1;выбирать;Inf;_;_;_;_
выбирать;1601;_;V;A2;LM;2;выбирает;Sing.3.Pres/Fut;_;_;_;_
выбирать;1602;_;V;A2;LM;3;выбирая;Pres/Fut;_;_;_;_
выйти;1603;_;V;A2;MiP;1;вышел;Masc.Sing.Past;_;_;_;_
выйти;1604;_;V;A2;MiP;2;вышла;Fem.Sing.Past;_;_;_;_
выйти;1605;_;V;A2;MiP;3;выйти;Inf;_;_;_;_
выступать;1606;_;V;A2;Golosa, LM;1;выступает;Sing.3.Pres/Fut;_;_;_;_
выступать;1607;_;V;A2;Golosa, LM;2;выступать;Inf;_;_;_;_
выступать;1608;_;V;A2;Golosa, LM;3;выступают;Plur.3.Pres/Fut;_;_;_;_
выходить;1609;_;V;A2;Golosa, MiP, LM;1;выходит;Sing.3.Pres/Fut;_;_;_;_
выходить;1610;_;V;A2;Golosa, MiP, LM;2;выходят;Plur.3.Pres/Fut;_;_;_;_
выходить;1611;_;V;A2;Golosa, MiP, LM;3;выходить;Inf;_;_;_;_
галерея;1612;_;N.Fem.Inan;A2;Golosa, LM;1;галерею;Acc.Sing;_;_;_;_
галерея;1613;_;N.Fem.Inan;A2;Golosa, LM;2;галерее;Loc.Sing;_;_;_;_
галерея;1614;_;N.Fem.Inan;A2;Golosa, LM;3;галереях;Loc.Plur;_;_;_;_
герой;1615;_;N.Masc.Anim;A2;LM;1;герой;Nom.Sing;_;_;_;_
герой;1616;_;N.Masc.Anim;A2;LM;2;героев;Gen.Plur;_;_;_;_
герой;1617;_;N.Masc.Anim;A2;LM;3;героя;Gen.Sing;_;_;_;_
главный;1618;_;A;A2;Golosa, LM;1;главный;Nom.Masc.Sing;_;_;_;_
главный;1619;_;A;A2;Golosa, LM;2;главным;Ins.Masc.Sing;_;_;_;_
главный;1620;_;A;A2;Golosa, LM;3;главных;Gen.Plur;_;_;_;_
глубокий;1621;_;A;A2;LM;1;глубокой;Gen.Fem.Sing;_;_;_;_
глубокий;1622;_;A;A2;LM;2;глубокая;Nom.Fem.Sing;_;_;_;_
глубокий;1623;_;A;A2;LM;3;глубокого;Gen.Neut.Sing;_;_;_;_
глупый;1624;_;A;A2;Golosa, LM, Кс;1;глупая;Nom.Fem.Sing;_;_;_;_
глупый;1625;_;A;A2;Golosa, LM, Кс;2;глупый;Nom.Masc.Sing;_;_;_;_
глупый;1626;_;A;A2;Golosa, LM, Кс;3;глупые;Nom.Plur;_;_;_;_
голос;1627;_;N.Masc.Inan;A2;Golosa, LM;1;голос;Nom.Sing;_;_;_;_
голос;1628;_;N.Masc.Inan;A2;Golosa, LM;2;голосом;Ins.Sing;_;_;_;_
голос;1629;_;N.Masc.Inan;A2;Golosa, LM;3;голосов;Gen.Plur;_;_;_;_
гора;1630;_;N.Fem.Inan;A2;Golosa, LM;1;гору;Acc.Sing;_;_;_;_
гора;1631;_;N.Fem.Inan;A2;Golosa, LM;2;горы;Acc.Plur;_;_;_;_
гора;1632;_;N.Fem.Inan;A2;Golosa, LM;3;гор;Gen.Plur;_;_;_;_
горький;1633;_;A;A2;LM;1;горько;Neut.Sing;_;_;_;_
горький;1634;_;A;A2;LM;2;горькой;Gen.Fem.Sing;_;_;_;_
горький;1635;_;A;A2;LM;3;горькая;Nom.Fem.Sing;_;_;_;_
государство;1636;_;N.Neut.Inan;A2;LM;1;государства;Gen.Sing;_;_;_;_
государство;1637;_;N.Neut.Inan;A2;LM;2;государство;Nom.Sing;_;_;_;_
государство;1638;_;N.Neut.Inan;A2;LM;3;государств;Gen.Plur;_;_;_;_
готовить;1639;_;V;A2;Golosa, MiP, LM;1;готовят;Plur.3.Pres/Fut;_;_;_;_
готовить;1640;_;V;A2;Golosa, MiP, LM;2;готовить;Inf;_;_;_;_
готовить;1641;_;V;A2;Golosa, MiP, LM;3;готовит;Sing.3.Pres/Fut;_;_;_;_
градус;1642;_;N.Masc.Inan;A2;Golosa, MiP, LM;1;градусов;Gen.Plur;_;_;_;_
градус;1643;_;N.Masc.Inan;A2;Golosa, MiP, LM;2;градуса;Gen.Sing;_;_;_;_
градус;1644;_;N.Masc.Inan;A2;Golosa, MiP, LM;3;град;Gen.Plur;_;_;_;_
грамматика;1645;_;N.Fem.Inan;A2;Golosa, LM;1;грамматики;Gen.Sing;_;_;_;_
грамматика;1646;_;N.Fem.Inan;A2;Golosa, LM;2;грамматику;Acc.Sing;_;_;_;_
грамматика;1647;_;N.Fem.Inan;A2;Golosa, LM;3;грамматикой;Ins.Sing;_;_;_;_
граница;1648;_;N.Fem.Inan;A2;LM;1;границей;Ins.Sing;_;_;_;_
граница;1649;_;N.Fem.Inan;A2;LM;2;границу;Acc.Sing;_;_;_;_
граница;1650;_;N.Fem.Inan;A2;LM;3;границ;Gen.Plur;_;_;_;_
грипп;1651;_;N.Masc.Inan;A2;Golosa, MiP, LM, Поехали, Кс;1;гриппа;Gen.Sing;_;_;_;_
грипп;1652;_;N.Masc.Inan;A2;Golosa, MiP, LM, Поехали, Кс;2;гриппом;Ins.Sing;_;_;_;_
грустный;1653;_;A;A2;Golosa, LM;1;грустный;Nom.Masc.Sing;_;_;_;_
грустный;1654;_;A;A2;Golosa, LM;2;грустные;Nom.Plur;_;_;_;_
грустный;1655;_;A;A2;Golosa, LM;3;грустно;Neut.Sing;_;_;_;_
грязный;1656;_;A;A2;LM;1;грязная;Nom.Fem.Sing;_;_;_;_
грязный;1657;_;A;A2;LM;2;грязные;Nom.Plur;_;_;_;_
грязный;1658;_;A;A2;LM;3;грязную;Acc.Fem.Sing;_;_;_;_
далекий;1659;_;A;A2;LM;1;далёкие;Nom.Plur;_;_;_;_
далекий;1660;_;A;A2;LM;2;далёких;Gen.Plur;_;_;_;_
далекий;1661;_;A;A2;LM;3;далёкой;Loc.Fem.Sing;_;_;_;_
дата;1662;_;N.Fem.Inan;A2;LM;1;даты;Gen.Sing;_;_;_;_
дата;1663;_;N.Fem.Inan;A2;LM;2;дата;Nom.Sing;_;_;_;_
дата;1664;_;N.Fem.Inan;A2;LM;3;датой;Ins.Sing;_;_;_;_
деревня;1665;_;N.Fem.Inan;A2;LM;1;деревне;Loc.Sing;_;_;_;_
деревня;1666;_;N.Fem.Inan;A2;LM;2;деревню;Acc.Sing;_;_;_;_
деревня;1667;_;N.Fem.Inan;A2;LM;3;деревня;Nom.Sing;_;_;_;_
дерево;1668;_;N.Neut.Inan;A2;LM;1;деревьев;Gen.Plur;_;_;_;_
дерево;1669;_;N.Neut.Inan;A2;LM;2;дерева;Gen.Sing;_;_;_;_
дерево;1670;_;N.Neut.Inan;A2;LM;3;деревья;Nom.Plur;_;_;_;_
держать;1671;_;V;A2;MiP, LM;1;держать;Inf;_;_;_;_
держать;1672;_;V;A2;MiP, LM;2;держал;Masc.Sing.Past;_;_;_;_
держать;1673;_;V;A2;MiP, LM;3;держит;Sing.3.Pres/Fut;_;_;_;_
детство;1674;_;N.Neut.Inan;A2;LM;1;детстве;Loc.Sing;_;_;_;_
детство;1675;_;N.Neut.Inan;A2;LM;2;детства;Gen.Sing;_;_;_;_
детство;1676;_;N.Neut.Inan;A2;LM;3;детство;Acc.Sing;_;_;_;_
диалог;1677;_;N.Masc.Inan;A2;Golosa, MiP, LM;1;диалога;Gen.Sing;_;_;_;_
диалог;1678;_;N.Masc.Inan;A2;Golosa, MiP, LM;2;диалоге;Loc.Sing;_;_;_;_
диалог;1679;_;N.Masc.Inan;A2;Golosa, MiP, LM;3;диалог;Nom.Sing;_;_;_;_
диван;1680;_;N.Masc.Inan;A2;Golosa, MiP, LM;1;диване;Loc.Sing;_;_;_;_
диван;1681;_;N.Masc.Inan;A2;Golosa, MiP, LM;2;диван;Acc.Sing;_;_;_;_
диван;1682;_;N.Masc.Inan;A2;Golosa, MiP, LM;3;дивана;Gen.Sing;_;_;_;_
длинный;1683;_;A;A2;Golosa, LM;1;длинными;Ins.Plur;_;_;_;_
длинный;1684;_;A;A2;Golosa, LM;2;длинный;Nom.Masc.Sing;_;_;_;_
длинный;1685;_;A;A2;Golosa, LM;3;длинная;Nom.Fem.Sing;_;_;_;_
довольный;1686;_;A;A2;LM;1;доволен;Masc.Sing;_;_;_;_
довольный;1687;_;A;A2;LM;2;довольны;Plur;_;_;_;_
довольный;1688;_;A;A2;LM;3;довольный;Nom.Masc.Sing;_;_;_;_
доказывать;1689;_;V;A2;LM;1;доказывать;Inf;_;_;_;_
доказывать;1690;_;V;A2;LM;2;доказывает;Sing.3.Pres/Fut;_;_;_;_
доказывать;1691;_;V;A2;LM;3;доказывал;Masc.Sing.Past;_;_;_;_
доктор;1692;_;N.Masc.Anim;A2;Golosa, LM;1;доктор;Nom.Sing;_;_;_;_
доктор;1693;_;N.Masc.Anim;A2;Golosa, LM;2;доктора;Nom.Plur;_;_;_;_
доктор;1694;_;N.Masc.Anim;A2;Golosa, LM;3;доктору;Dat.Sing;_;_;_;_
домашний;1695;_;A;A2;Golosa, LM;1;домашних;Gen.Plur;_;_;_;_
домашний;1696;_;A;A2;Golosa, LM;2;домашние;Nom.Plur;_;_;_;_
домашний;1697;_;A;A2;Golosa, LM;3;домашней;Gen.Fem.Sing;_;_;_;_
дружба;1698;_;N.Fem.Inan;A2;LM;1;дружбы;Gen.Sing;_;_;_;_
дружба;1699;_;N.Fem.Inan;A2;LM;2;дружба;Nom.Sing;_;_;_;_
дружба;1700;_;N.Fem.Inan;A2;LM;3;дружбе;Loc.Sing;_;_;_;_
дружный;1701;_;A;A2;LM;1;дружная;Nom.Fem.Sing;_;_;_;_
дружный;1702;_;A;A2;LM;2;дружных;Loc.Plur;_;_;_;_
дружный;1703;_;A;A2;LM;3;дружным;Dat.Plur;_;_;_;_
единственный;1704;_;A;A2;Golosa, LM;1;единственный;Nom.Masc.Sing;_;_;_;_
единственный;1705;_;A;A2;Golosa, LM;2;единственная;Nom.Fem.Sing;_;_;_;_
единственный;1706;_;A;A2;Golosa, LM;3;единственное;Nom.Neut.Sing;_;_;_;_
елка;1707;_;N.Fem.Inan;A2;LM;1;ёлку;Acc.Sing;_;_;_;_
елка;1708;_;N.Fem.Inan;A2;LM;2;ёлок;Gen.Plur;_;_;_;_
елка;1709;_;N.Fem.Inan;A2;LM;3;ёлкой;Ins.Sing;_;_;_;_
женатый;1710;_;A;A2;MiP, LM;1;женат;Masc.Sing;_;_;_;_
женатый;1711;_;A;A2;MiP, LM;2;женатых;Anim.Acc.Plur;_;_;_;_
жениться;1712;_;V;A2;MiP, LM;1;женился;Masc.Sing.Past;_;_;_;_
жениться;1713;_;V;A2;MiP, LM;2;жениться;Inf;_;_;_;_
жениться;1714;_;V;A2;MiP, LM;3;женюсь;Sing.1.Pres/Fut;_;_;_;_
живой;1715;_;A;A2;LM;1;живой;Nom.Masc.Sing;_;_;_;_
живой;1716;_;A;A2;LM;2;живая;Nom.Fem.Sing;_;_;_;_
живой;1717;_;A;A2;LM;3;живые;Nom.Plur;_;_;_;_
животное;1718;_;N.Neut.Anim;A2;LM;1;животных;Gen.Plur;_;_;_;_
животное;1719;_;N.Neut.Anim;A2;LM;2;животные;Nom.Plur;_;_;_;_
животное;1720;_;N.Neut.Anim;A2;LM;3;животное;Nom.Sing;_;_;_;_
забывать;1721;_;V;A2;Golosa, MiP, LM;1;забывать;Inf;_;_;_;_
забывать;1722;_;V;A2;Golosa, MiP, LM;2;забывают;Plur.3.Pres/Fut;_;_;_;_
забывать;1723;_;V;A2;Golosa, MiP, LM;3;забывайте;Imper.Plur.2;_;_;_;_
забыть;1724;_;V;A2;MiP;1;забыл;Masc.Sing.Past;_;_;_;_
забыть;1725;_;V;A2;MiP;2;забыла;Fem.Sing.Past;_;_;_;_
забыть;1726;_;V;A2;MiP;3;забыть;Inf;_;_;_;_
задание;1727;_;N.Neut.Inan;A2;Golosa, LM;1;задание;Acc.Sing;_;_;_;_
задание;1728;_;N.Neut.Inan;A2;Golosa, LM;2;задания;Gen.Sing;_;_;_;_
задание;1729;_;N.Neut.Inan;A2;Golosa, LM;3;заданий;Gen.Plur;_;_;_;_
задача;1730;_;N.Fem.Inan;A2;LM;1;задач;Gen.Plur;_;_;_;_
задача;1731;_;N.Fem.Inan;A2;LM;2;задачи;Gen.Sing;_;_;_;_
задача;1732;_;N.Fem.Inan;A2;LM;3;задача;Nom.Sing;_;_;_;_
заказать;1733;_;V;A2;MiP;1;заказать;Inf;_;_;_;_
заказать;1734;_;V;A2;MiP;2;заказал;Masc.Sing.Past;_;_;_;_
заказать;1735;_;V;A2;MiP;3;заказали;Plur.Past;_;_;_;_
заказывать;1736;_;V;A2;Golosa, MiP, LM;1;заказывали;Plur.Past;_;_;_;_
заказывать;1737;_;V;A2;Golosa, MiP, LM;2;заказывал;Masc.Sing.Past;_;_;_;_
заказывать;1738;_;V;A2;Golosa, MiP, LM;3;заказывать;Inf;_;_;_;_
заканчивать;1739;_;V;A2;Golosa, LM;1;заканчивала;Fem.Sing.Past;_;_;_;_
заканчивать;1740;_;V;A2;Golosa, LM;2;заканчивал;Masc.Sing.Past;_;_;_;_
заканчивать;1741;_;V;A2;Golosa, LM;3;заканчивая;Pres/Fut;_;_;_;_
закон;1742;_;N.Masc.Inan;A2;LM;1;закон;Nom.Sing;_;_;_;_
закон;1743;_;N.Masc.Inan;A2;LM;2;закона;Gen.Sing;_;_;_;_
закон;1744;_;N.Masc.Inan;A2;LM;3;законов;Gen.Plur;_;_;_;_
закрывать;1745;_;V;A2;LM;1;закрывают;Plur.3.Pres/Fut;_;_;_;_
закрывать;1746;_;V;A2;LM;2;закрывать;Inf;_;_;_;_
закрывать;1747;_;V;A2;LM;3;закрывал;Masc.Sing.Past;_;_;_;_
зал;1748;_;N.Masc.Inan;A2;Golosa, MiP, LM;1;зале;Loc.Sing;_;_;_;_
зал;1749;_;N.Masc.Inan;A2;Golosa, MiP, LM;2;зал;Acc.Sing;_;_;_;_
зал;1750;_;N.Masc.Inan;A2;Golosa, MiP, LM;3;зала;Gen.Sing;_;_;_;_
замена;1751;_;N.Fem.Inan;A2;LM;1;замены;Gen.Sing;_;_;_;_
замена;1752;_;N.Fem.Inan;A2;LM;2;замена;Nom.Sing;_;_;_;_
замена;1753;_;N.Fem.Inan;A2;LM;3;замену;Acc.Sing;_;_;_;_
замечательный;1754;_;A;A2;LM;1;замечательный;Nom.Masc.Sing;_;_;_;_
замечательный;1755;_;A;A2;LM;2;замечательная;Nom.Fem.Sing;_;_;_;_
замечательный;1756;_;A;A2;LM;3;замечательных;Gen.Plur;_;_;_;_
замечать;1757;_;V;A2;LM;1;замечает;Sing.3.Pres/Fut;_;_;_;_
замечать;1758;_;V;A2;LM;2;замечал;Masc.Sing.Past;_;_;_;_
замечать;1759;_;V;A2;LM;3;замечать;Inf;_;_;_;_
заниматься;1760;_;V;A2;Golosa, MiP, LM;1;заниматься;Inf;_;_;_;_
заниматься;1761;_;V;A2;Golosa, MiP, LM;2;занимается;Sing.3.Pres/Fut;_;_;_;_
заниматься;1762;_;V;A2;Golosa, MiP, LM;3;занимался;Masc.Sing.Past;_;_;_;_
занятие;1763;_;N.Neut.Inan;A2;Golosa, LM;1;занятия;Nom.Plur;_;_;_;_
занятие;1764;_;N.Neut.Inan;A2;Golosa, LM;2;занятий;Gen.Plur;_;_;_;_
занятие;1765;_;N.Neut.Inan;A2;Golosa, LM;3;занятие;Nom.Sing;_;_;_;_
запад;1766;_;N.Masc.Inan;A2;Golosa, MiP, LM;1;запад;Acc.Sing;_;_;_;_
запад;1767;_;N.Masc.Inan;A2;Golosa, MiP, LM;2;западе;Loc.Sing;_;_;_;_
запад;1768;_;N.Masc.Inan;A2;Golosa, MiP, LM;3;западом;Ins.Sing;_;_;_;_
западный;1769;_;A;A2;LM;1;западных;Gen.Plur;_;_;_;_
западный;1770;_;A;A2;LM;2;западные;Nom.Plur;_;_;_;_
западный;1771;_;A;A2;LM;3;западном;Loc.Masc.Sing;_;_;_;_
заплатить;1772;_;V;A2;MiP, LM;1;заплатить;Inf;_;_;_;_
заплатить;1773;_;V;A2;MiP, LM;2;заплатил;Masc.Sing.Past;_;_;_;_
заплатить;1774;_;V;A2;MiP, LM;3;заплатили;Plur.Past;_;_;_;_
зарабатывать;1775;_;V;A2;MiP, LM;1;зарабатывать;Inf;_;_;_;_
зарабатывать;1776;_;V;A2;MiP, LM;2;зарабатывает;Sing.3.Pres/Fut;_;_;_;_
зарабатывать;1777;_;V;A2;MiP, LM;3;зарабатывают;Plur.3.Pres/Fut;_;_;_;_
заработать;1778;_;V;A2;MiP;1;заработать;Inf;_;_;_;_
заработать;1779;_;V;A2;MiP;2;заработал;Masc.Sing.Past;_;_;_;_
заработать;1780;_;V;A2;MiP;3;заработает;Sing.3.Pres/Fut;_;_;_;_
звать;1781;_;V;A2;Golosa, MiP, LM;1;зовут;Plur.3.Pres/Fut;_;_;_;_
звать;1782;_;V;A2;Golosa, MiP, LM;2;звали;Plur.Past;_;_;_;_
звать;1783;_;V;A2;Golosa, MiP, LM;3;звать;Inf;_;_;_;_
звонок;1784;_;N.Masc.Inan;A2;MiP, LM;1;звонок;Nom.Sing;_;_;_;_
звонок;1785;_;N.Masc.Inan;A2;MiP, LM;2;звонков;Gen.Plur;_;_;_;_
звонок;1786;_;N.Masc.Inan;A2;MiP, LM;3;звонки;Acc.Plur;_;_;_;_
звук;1787;_;N.Masc.Inan;A2;Golosa, LM;1;звуков;Gen.Plur;_;_;_;_
звук;1788;_;N.Masc.Inan;A2;Golosa, LM;2;звука;Gen.Sing;_;_;_;_
звук;1789;_;N.Masc.Inan;A2;Golosa, LM;3;звук;Nom.Sing;_;_;_;_
земля;1790;_;N.Fem.Inan;A2;LM;1;землю;Acc.Sing;_;_;_;_
земля;1791;_;N.Fem.Inan;A2;LM;2;земли;Gen.Sing;_;_;_;_
земля;1792;_;N.Fem.Inan;A2;LM;3;земле;Loc.Sing;_;_;_;_
зеркало;1793;_;N.Neut.Inan;A2;LM;1;зеркало;Acc.Sing;_;_;_;_
зеркало;1794;_;N.Neut.Inan;A2;LM;2;зеркале;Loc.Sing;_;_;_;_
зеркало;1795;_;N.Neut.Inan;A2;LM;3;зеркала;Gen.Sing;_;_;_;_
зимний;1796;_;A;A2;MiP, LM;1;зимнее;Inan.Acc.Neut.Sing;_;_;_;_
зимний;1797;_;A;A2;MiP, LM;2;зимних;Gen.Plur;_;_;_;_
зимний;1798;_;A;A2;MiP, LM;3;зимняя;Nom.Fem.Sing;_;_;_;_
злой;1799;_;A;A2;LM, Кс;1;злые;Nom.Plur;_;_;_;_
злой;1800;_;A;A2;LM, Кс;2;злых;Gen.Plur;_;_;_;_
злой;1801;_;A;A2;LM, Кс;3;злая;Nom.Fem.Sing;_;_;_;_
знак;1802;_;N.Masc.Inan;A2;LM;1;знак;Nom.Sing;_;_;_;_
знак;1803;_;N.Masc.Inan;A2;LM;2;знака;Gen.Sing;_;_;_;_
знак;1804;_;N.Masc.Inan;A2;LM;3;знаком;Ins.Sing;_;_;_;_
знакомиться;1805;_;V;A2;MiP, LM;1;знакомиться;Inf;_;_;_;_
знакомиться;1806;_;V;A2;MiP, LM;2;знакомимся;Plur.1.Pres/Fut;_;_;_;_
знакомиться;1807;_;V;A2;MiP, LM;3;знакомится;Sing.3.Pres/Fut;_;_;_;_
знакомый;1808;_;A;A2;Golosa, MiP, LM;1;знакомы;Plur;_;_;_;_
знакомый;1809;_;N.Masc.Anim;A2;Golosa, MiP, LM;2;знакомых;Gen.Plur;_;_;_;_
знакомый;1810;_;N.Masc.Anim;A2;Golosa, MiP, LM;3;знакомые;Nom.Plur;_;_;_;_
значение;1811;_;N.Neut.Inan;A2;LM;1;значение;Acc.Sing;_;_;_;_
значение;1812;_;N.Neut.Inan;A2;LM;2;значения;Gen.Sing;_;_;_;_
значение;1813;_;N.Neut.Inan;A2;LM;3;значений;Gen.Plur;_;_;_;_
значить;1814;_;V;A2;MiP, LM;1;значит;Sing.3.Pres/Fut;_;_;_;_
значить;1815;_;V;A2;MiP, LM;2;значило;Neut.Sing.Past;_;_;_;_
значить;1816;_;V;A2;MiP, LM;3;значат;Plur.3.Pres/Fut;_;_;_;_
золото;1817;_;N.Neut.Inan;A2;LM;1;золота;Gen.Sing;_;_;_;_
золото;1818;_;N.Neut.Inan;A2;LM;2;золото;Acc.Sing;_;_;_;_
золото;1819;_;N.Neut.Inan;A2;LM;3;золотом;Ins.Sing;_;_;_;_
золотой;1820;_;A;A2;LM;1;золотую;Acc.Fem.Sing;_;_;_;_
золотой;1821;_;A;A2;LM;2;золотой;Nom.Masc.Sing;_;_;_;_
золотой;1822;_;A;A2;LM;3;золотое;Nom.Neut.Sing;_;_;_;_
зонтик;1823;_;N.Masc.Inan;A2;LM;1;зонтик;Nom.Sing;_;_;_;_
зонтик;1824;_;N.Masc.Inan;A2;LM;2;зонтики;Acc.Plur;_;_;_;_
зонтик;1825;_;N.Masc.Inan;A2;LM;3;зонтиком;Ins.Sing;_;_;_;_
зуб;1826;_;N.Masc.Inan;A2;Golosa, LM;1;зуб;Nom.Sing;_;_;_;_
зуб;1827;_;N.Masc.Inan;A2;Golosa, LM;2;зубы;Acc.Plur;_;_;_;_
зуб;1828;_;N.Masc.Inan;A2;Golosa, LM;3;зубами;Ins.Plur;_;_;_;_
игрушка;1829;_;N.Fem.Inan;A2;Golosa, LM, Поехали;1;игрушки;Acc.Plur;_;_;_;_
игрушка;1830;_;N.Fem.Inan;A2;Golosa, LM, Поехали;2;игрушек;Gen.Plur;_;_;_;_
игрушка;1831;_;N.Fem.Inan;A2;Golosa, LM, Поехали;3;игрушку;Acc.Sing;_;_;_;_
извинить;1832;_;V;A2;MiP;1;извините;Imper.Plur.2;_;_;_;_
извинить;1833;_;V;A2;MiP;2;извини;Imper.Sing.2;_;_;_;_
извинить;1834;_;V;A2;MiP;3;извинить;Inf;_;_;_;_
извинять;1835;_;A;A2;LM;1;извиняющую;Acc.Fem.Sing;_;_;_;_
изменять;1836;_;V;A2;LM;1;изменять;Inf;_;_;_;_
изменять;1837;_;V;A2;LM;2;изменяет;Sing.3.Pres/Fut;_;_;_;_
изменять;1838;_;V;A2;LM;3;изменяют;Plur.3.Pres/Fut;_;_;_;_
изучать;1839;_;V;A2;Golosa, MiP, LM;1;изучать;Inf;_;_;_;_
изучать;1840;_;V;A2;Golosa, MiP, LM;2;изучал;Masc.Sing.Past;_;_;_;_
изучать;1841;_;V;A2;Golosa, MiP, LM;3;изучали;Plur.Past;_;_;_;_
институт;1842;_;N.Masc.Inan;A2;Golosa, LM;1;института;Gen.Sing;_;_;_;_
институт;1843;_;N.Masc.Inan;A2;Golosa, LM;2;институт;Acc.Sing;_;_;_;_
институт;1844;_;N.Masc.Inan;A2;Golosa, LM;3;институте;Loc.Sing;_;_;_;_
интерес;1845;_;N.Masc.Inan;A2;LM;1;интерес;Acc.Sing;_;_;_;_
интерес;1846;_;N.Masc.Inan;A2;LM;2;интересы;Acc.Plur;_;_;_;_
интерес;1847;_;N.Masc.Inan;A2;LM;3;интересов;Gen.Plur;_;_;_;_
интересоваться;1848;_;V;A2;Golosa, MiP, LM;1;интересуется;Sing.3.Pres/Fut;_;_;_;_
интересоваться;1849;_;V;A2;Golosa, MiP, LM;2;интересоваться;Inf;_;_;_;_
интересоваться;1850;_;V;A2;Golosa, MiP, LM;3;интересуются;Plur.3.Pres/Fut;_;_;_;_
искать;1851;_;V;A2;Golosa, LM;1;искать;Inf;_;_;_;_
искать;1852;_;V;A2;Golosa, LM;2;искал;Masc.Sing.Past;_;_;_;_
искать;1853;_;V;A2;Golosa, LM;3;ищет;Sing.3.Pres/Fut;_;_;_;_
исследовать;1854;_;V;A2;LM;1;исследовать;Inf;_;_;_;_
исследовать;1855;_;V;A2;LM;2;исследовал;Masc.Sing.Past;_;_;_;_
исследовать;1856;_;A;A2;LM;3;исследуемых;Gen.Plur;_;_;_;_
казаться;1857;_;V;A2;MiP, LM;1;кажется;Sing.3.Pres/Fut;_;_;_;_
казаться;1858;_;V;A2;MiP, LM;2;казалось;Neut.Sing.Past;_;_;_;_
казаться;1859;_;V;A2;MiP, LM;3;казаться;Inf;_;_;_;_
каникулы;1860;_;N.Inan;A2;Golosa, LM;1;каникулы;Acc.Plur;_;_;_;_
каникулы;1861;_;N.Inan;A2;Golosa, LM;2;каникулах;Loc.Plur;_;_;_;_
каникулы;1862;_;N.Inan;A2;Golosa, LM;3;каникул;Gen.Plur;_;_;_;_
картофель;1863;_;N.Masc.Inan;A2;Golosa, LM, Поехали;1;картофеля;Gen.Sing;_;_;_;_
картофель;1864;_;N.Masc.Inan;A2;Golosa, LM, Поехали;2;картофель;Nom.Sing;_;_;_;_
картофель;1865;_;N.Masc.Inan;A2;Golosa, LM, Поехали;3;картофелем;Ins.Sing;_;_;_;_
каша;1866;_;N.Fem.Inan;A2;Golosa, MiP, LM;1;кашу;Acc.Sing;_;_;_;_
каша;1867;_;N.Fem.Inan;A2;Golosa, MiP, LM;2;каша;Nom.Sing;_;_;_;_
каша;1868;_;N.Fem.Inan;A2;Golosa, MiP, LM;3;кашей;Ins.Sing;_;_;_;_
класть;1869;_;V;A2;Golosa, MiP, LM;1;класть;Inf;_;_;_;_
класть;1870;_;V;A2;Golosa, MiP, LM;2;кладёт;Sing.3.Pres/Fut;_;_;_;_
класть;1871;_;V;A2;Golosa, MiP, LM;3;кладут;Plur.3.Pres/Fut;_;_;_;_
команда;1872;_;N.Fem.Inan;A2;Golosa, LM;1;команды;Gen.Sing;_;_;_;_
команда;1873;_;N.Fem.Inan;A2;Golosa, LM;2;команда;Nom.Sing;_;_;_;_
команда;1874;_;N.Fem.Inan;A2;Golosa, LM;3;команду;Acc.Sing;_;_;_;_
компьютерный;1875;_;A;A2;Golosa, LM;1;компьютерной;Gen.Fem.Sing;_;_;_;_
компьютерный;1876;_;A;A2;Golosa, LM;2;компьютерных;Gen.Plur;_;_;_;_
компьютерный;1877;_;A;A2;Golosa, LM;3;компьютерный;Nom.Masc.Sing;_;_;_;_
кончаться;1878;_;V;A2;Golosa, MiP, LM;1;кончается;Sing.3.Pres/Fut;_;_;_;_
кончаться;1879;_;A;A2;Golosa, MiP, LM;2;кончающийся;Inan.Acc.Masc.Sing;_;_;_;_
кончаться;1880;_;V;A2;Golosa, MiP, LM;3;кончаются;Plur.3.Pres/Fut;_;_;_;_
кончиться;1881;_;V;A2;MiP;1;кончилось;Neut.Sing.Past;_;_;_;_
кончиться;1882;_;V;A2;MiP;2;кончится;Sing.3.Pres/Fut;_;_;_;_
кончиться;1883;_;V;A2;MiP;3;кончилась;Fem.Sing.Past;_;_;_;_
корабль;1884;_;N.Masc.Inan;A2;LM;1;корабль;Nom.Sing;_;_;_;_
корабль;1885;_;N.Masc.Inan;A2;LM;2;кораблей;Gen.Plur;_;_;_;_
корабль;1886;_;N.Masc.Inan;A2;LM;3;корабли;Acc.Plur;_;_;_;_
коридор;1887;_;N.Masc.Inan;A2;Golosa, MiP, LM;1;коридоре;Loc.Sing;_;_;_;_
коридор;1888;_;N.Masc.Inan;A2;Golosa, MiP, LM;2;коридор;Acc.Sing;_;_;_;_
коридор;1889;_;N.Masc.Inan;A2;Golosa, MiP, LM;3;коридору;Dat.Sing;_;_;_;_
короткий;1890;_;A;A2;Golosa, LM;1;короткие;Inan.Acc.Plur;_;_;_;_
короткий;1891;_;A;A2;Golosa, LM;2;короткий;Nom.Masc.Sing;_;_;_;_
короткий;1892;_;A;A2;Golosa, LM;3;коротких;Gen.Plur;_;_;_;_
космонавт;1893;_;N.Masc.Anim;A2;LM;1;космонавт;Nom.Sing;_;_;_;_
космонавт;1894;_;N.Masc.Anim;A2;LM;2;космонавтов;Gen.Plur;_;_;_;_
космонавт;1895;_;N.Masc.Anim;A2;LM;3;космонавта;Acc.Sing;_;_;_;_
космос;1896;_;N.Masc.Inan;A2;LM;1;космос;Acc.Sing;_;_;_;_
космос;1897;_;N.Masc.Inan;A2;LM;2;космоса;Gen.Sing;_;_;_;_
космос;1898;_;N.Masc.Inan;A2;LM;3;космосе;Loc.Sing;_;_;_;_
кровать;1899;_;N.Fem.Inan;A2;Golosa, LM;1;кровать;Acc.Sing;_;_;_;_
кровать;1900;_;N.Fem.Inan;A2;Golosa, LM;2;кровати;Loc.Sing;_;_;_;_
кровать;1901;_;N.Fem.Inan;A2;Golosa, LM;3;кроватью;Ins.Sing;_;_;_;_
круглый;1902;_;A;A2;LM;1;круглый;Nom.Masc.Sing;_;_;_;_
круглый;1903;_;A;A2;LM;2;круглые;Nom.Plur;_;_;_;_
круглый;1904;_;A;A2;LM;3;круглая;Nom.Fem.Sing;_;_;_;_
культура;1905;_;N.Fem.Inan;A2;Golosa, LM;1;культуры;Gen.Sing;_;_;_;_
культура;1906;_;N.Fem.Inan;A2;Golosa, LM;2;культура;Nom.Sing;_;_;_;_
культура;1907;_;N.Fem.Inan;A2;Golosa, LM;3;культур;Gen.Plur;_;_;_;_
куртка;1908;_;N.Fem.Inan;A2;Golosa, LM, Поехали;1;куртку;Acc.Sing;_;_;_;_
куртка;1909;_;N.Fem.Inan;A2;Golosa, LM, Поехали;2;куртках;Loc.Plur;_;_;_;_
куртка;1910;_;N.Fem.Inan;A2;Golosa, LM, Поехали;3;куртка;Nom.Sing;_;_;_;_
лекарство;1911;_;N.Neut.Inan;A2;Golosa, LM;1;лекарства;Acc.Plur;_;_;_;_
лекарство;1912;_;N.Neut.Inan;A2;Golosa, LM;2;лекарство;Acc.Sing;_;_;_;_
лекарство;1913;_;N.Neut.Inan;A2;Golosa, LM;3;лекарств;Gen.Plur;_;_;_;_
лес;1914;_;N.Masc.Inan;A2;Golosa, MiP, LM;1;лесу;Loc.Sing;_;_;_;_
лес;1915;_;N.Masc.Inan;A2;Golosa, MiP, LM;2;леса;Gen.Sing;_;_;_;_
лес;1916;_;N.Masc.Inan;A2;Golosa, MiP, LM;3;лес;Acc.Sing;_;_;_;_
лестница;1917;_;N.Fem.Inan;A2;Golosa, LM;1;лестнице;Dat.Sing;_;_;_;_
лестница;1918;_;N.Fem.Inan;A2;Golosa, LM;2;лестницы;Gen.Sing;_;_;_;_
лестница;1919;_;N.Fem.Inan;A2;Golosa, LM;3;лестницу;Acc.Sing;_;_;_;_
летать;1920;_;V;A2;LM;1;летают;Plur.3.Pres/Fut;_;_;_;_
летать;1921;_;V;A2;LM;2;летать;Inf;_;_;_;_
летать;1922;_;V;A2;LM;3;летал;Masc.Sing.Past;_;_;_;_
лететь;1923;_;V;A2;Golosa, LM;1;летят;Plur.3.Pres/Fut;_;_;_;_
лететь;1924;_;V;A2;Golosa, LM;2;летит;Sing.3.Pres/Fut;_;_;_;_
лететь;1925;_;V;A2;Golosa, LM;3;летели;Plur.Past;_;_;_;_
летний;1926;_;A;A2;MiP, LM;1;летний;Nom.Masc.Sing;_;_;_;_
летний;1927;_;A;A2;MiP, LM;2;летние;Nom.Plur;_;_;_;_
летний;1928;_;A;A2;MiP, LM;3;летним;Ins.Masc.Sing;_;_;_;_
лить;1929;_;V;A2;LM;1;льют;Plur.3.Pres/Fut;_;_;_;_
лить;1930;_;V;A2;LM;2;льёт;Sing.3.Pres/Fut;_;_;_;_
лить;1931;_;A;A2;LM;3;лито;Neut.Sing;_;_;_;_
лифт;1932;_;N.Masc.Inan;A2;Golosa, MiP, LM;1;лифте;Loc.Sing;_;_;_;_
лифт;1933;_;N.Masc.Inan;A2;Golosa, MiP, LM;2;лифта;Gen.Sing;_;_;_;_
лифт;1934;_;N.Masc.Inan;A2;Golosa, MiP, LM;3;лифтом;Ins.Sing;_;_;_;_
лоб;1935;_;N.Masc.Inan;A2;LM, Кс;1;лоб;Acc.Sing;_;_;_;_
лоб;1936;_;N.Masc.Inan;A2;LM, Кс;2;лбу;Dat.Sing;_;_;_;_
лоб;1937;_;N.Masc.Inan;A2;LM, Кс;3;лба;Gen.Sing;_;_;_;_
луна;1938;_;N.Fem.Inan;A2;LM;1;луна;Nom.Sing;_;_;_;_
луна;1939;_;N.Fem.Inan;A2;LM;2;луны;Gen.Sing;_;_;_;_
луна;1940;_;N.Fem.Inan;A2;LM;3;луну;Acc.Sing;_;_;_;_
лыжа;1941;_;N.Fem.Inan;A2;LM;1;лыжах;Loc.Plur;_;_;_;_
медленный;1942;_;A;A2;LM;1;медленными;Ins.Plur;_;_;_;_
медленный;1943;_;A;A2;LM;2;медленный;Nom.Masc.Sing;_;_;_;_
медленный;1944;_;A;A2;LM;3;медленные;Inan.Acc.Plur;_;_;_;_
медсестра;1945;_;N.Fem.Anim;A2;Golosa, LM;1;медсестра;Nom.Sing;_;_;_;_
медсестра;1946;_;N.Fem.Anim;A2;Golosa, LM;2;медсестрой;Ins.Sing;_;_;_;_
медсестра;1947;_;N.Fem.Anim;A2;Golosa, LM;3;медсестёр;Gen.Plur;_;_;_;_
международный;1948;_;A;A2;Golosa, LM;1;международных;Gen.Plur;_;_;_;_
международный;1949;_;A;A2;Golosa, LM;2;международные;Nom.Plur;_;_;_;_
международный;1950;_;A;A2;Golosa, LM;3;международный;Nom.Masc.Sing;_;_;_;_
менять;1951;_;V;A2;LM;1;менять;Inf;_;_;_;_
менять;1952;_;V;A2;LM;2;меняет;Sing.3.Pres/Fut;_;_;_;_
менять;1953;_;V;A2;LM;3;меняют;Plur.3.Pres/Fut;_;_;_;_
мертвый;1954;_;A;A2;LM;1;мертв;Masc.Sing;_;_;_;_
мертвый;1955;_;N.Masc.Anim;A2;LM;2;мёртвых;Acc.Plur;_;_;_;_
мертвый;1956;_;A;A2;LM;3;мёртвым;Ins.Masc.Sing;_;_;_;_
мечта;1957;_;N.Fem.Inan;A2;MiP, LM;1;мечты;Gen.Sing;_;_;_;_
мечта;1958;_;N.Fem.Inan;A2;MiP, LM;2;мечта;Nom.Sing;_;_;_;_
мечта;1959;_;N.Fem.Inan;A2;MiP, LM;3;мечту;Acc.Sing;_;_;_;_
мешать;1960;_;V;A2;LM;1;мешает;Sing.3.Pres/Fut;_;_;_;_
мешать;1961;_;V;A2;LM;2;мешают;Plur.3.Pres/Fut;_;_;_;_
мешать;1962;_;V;A2;LM;3;мешать;Inf;_;_;_;_
милиционер;1963;_;N.Masc.Anim;A2;Golosa, LM;1;милиционер;Nom.Sing;_;_;_;_
милиционер;1964;_;N.Masc.Anim;A2;Golosa, LM;2;милиционера;Gen.Sing;_;_;_;_
милиционер;1965;_;N.Masc.Anim;A2;Golosa, LM;3;милиционеров;Gen.Plur;_;_;_;_
милый;1966;_;A;A2;MiP, LM;1;мила;Fem.Sing;_;_;_;_
милый;1967;_;A;A2;MiP, LM;2;милый;Nom.Masc.Sing;_;_;_;_
милый;1968;_;A;A2;MiP, LM;3;милым;Ins.Masc.Sing;_;_;_;_
минус;1969;_;N.Masc.Inan;A2;Golosa, LM;1;минус;Nom.Sing;_;_;_;_
минус;1970;_;N.Masc.Inan;A2;Golosa, LM;2;минусы;Nom.Plur;_;_;_;_
минус;1971;_;N.Masc.Inan;A2;Golosa, LM;3;минусов;Gen.Plur;_;_;_;_
мирный;1972;_;A;A2;LM;1;мирным;Ins.Masc.Sing;_;_;_;_
мирный;1973;_;A;A2;LM;2;мирное;Inan.Acc.Neut.Sing;_;_;_;_
мирный;1974;_;A;A2;LM;3;мирные;Nom.Plur;_;_;_;_
модный;1975;_;A;A2;Golosa, LM;1;модным;Ins.Masc.Sing;_;_;_;_
модный;1976;_;A;A2;Golosa, LM;2;модные;Inan.Acc.Plur;_;_;_;_
модный;1977;_;A;A2;Golosa, LM;3;модное;Inan.Acc.Neut.Sing;_;_;_;_
молодежь;1978;_;N.Fem.Inan;A2;LM;1;молодёжи;Gen.Sing;_;_;_;_
молодежь;1979;_;N.Fem.Inan;A2;LM;2;молодёжь;Nom.Sing;_;_;_;_
молодежь;1980;_;N.Fem.Inan;A2;LM;3;молодёжью;Ins.Sing;_;_;_;_
молодец;1981;_;N.Masc.Anim;A2;LM;1;молодец;Nom.Sing;_;_;_;_
молодец;1982;_;N.Masc.Anim;A2;LM;2;молодцы;Nom.Plur;_;_;_;_
молодец;1983;_;N.Masc.Anim;A2;LM;3;молодца;Gen.Sing;_;_;_;_
молодость;1984;_;N.Fem.Inan;A2;LM;1;молодости;Gen.Sing;_;_;_;_
молодость;1985;_;N.Fem.Inan;A2;LM;2;молодостью;Ins.Sing;_;_;_;_
молодость;1986;_;N.Fem.Inan;A2;LM;3;молодость;Nom.Sing;_;_;_;_
молчать;1987;_;V;A2;LM;1;молчал;Masc.Sing.Past;_;_;_;_
молчать;1988;_;V;A2;LM;2;молчит;Sing.3.Pres/Fut;_;_;_;_
молчать;1989;_;V;A2;LM;3;молчать;Inf;_;_;_;_
момент;1990;_;N.Masc.Inan;A2;MiP, LM;1;момент;Acc.Sing;_;_;_;_
момент;1991;_;N.Masc.Inan;A2;MiP, LM;2;момента;Gen.Sing;_;_;_;_
момент;1992;_;N.Masc.Inan;A2;MiP, LM;3;моменты;Acc.Plur;_;_;_;_
мыло;1993;_;N.Neut.Inan;A2;LM;1;мыло;Acc.Sing;_;_;_;_
мыло;1994;_;N.Neut.Inan;A2;LM;2;мыла;Gen.Sing;_;_;_;_
мыло;1995;_;N.Neut.Inan;A2;LM;3;мылом;Ins.Sing;_;_;_;_
мыть;1996;_;V;A2;LM;1;мыть;Inf;_;_;_;_
мыть;1997;_;V;A2;LM;2;мыла;Fem.Sing.Past;_;_;_;_
мыть;1998;_;V;A2;LM;3;моют;Plur.3.Pres/Fut;_;_;_;_
мягкий;1999;_;A;A2;Golosa, LM;1;мягкое;Inan.Acc.Neut.Sing;_;_;_;_
мягкий;2000;_;A;A2;Golosa, LM;2;мягкой;Ins.Fem.Sing;_;_;_;_
мягкий;2001;_;A;A2;Golosa, LM;3;мягким;Ins.Masc.Sing;_;_;_;_
мяч;2002;_;N.Masc.Inan;A2;LM;1;мяч;Acc.Sing;_;_;_;_
мяч;2003;_;N.Masc.Inan;A2;LM;2;мячу;Dat.Sing;_;_;_;_
мяч;2004;_;N.Masc.Inan;A2;LM;3;мячей;Gen.Plur;_;_;_;_
надежда;2005;_;N.Fem.Inan;A2;LM;1;надежда;Nom.Sing;_;_;_;_
надежда;2006;_;N.Fem.Inan;A2;LM;2;надежды;Gen.Sing;_;_;_;_
надежда;2007;_;N.Fem.Inan;A2;LM;3;надежду;Acc.Sing;_;_;_;_
надеяться;2008;_;V;A2;Golosa, MiP, LM;1;надеюсь;Sing.1.Pres/Fut;_;_;_;_
надеяться;2009;_;V;A2;Golosa, MiP, LM;2;надеяться;Inf;_;_;_;_
надеяться;2010;_;V;A2;Golosa, MiP, LM;3;надеются;Plur.3.Pres/Fut;_;_;_;_
нарисовать;2011;_;V;A2;LM;1;нарисовал;Masc.Sing.Past;_;_;_;_
нарисовать;2012;_;V;A2;LM;2;нарисовать;Inf;_;_;_;_
нарисовать;2013;_;A;A2;LM;3;нарисованы;Plur;_;_;_;_
народ;2014;_;N.Masc.Inan;A2;LM;1;народ;Nom.Sing;_;_;_;_
народ;2015;_;N.Masc.Inan;A2;LM;2;народа;Gen.Sing;_;_;_;_
народ;2016;_;N.Masc.Inan;A2;LM;3;народов;Gen.Plur;_;_;_;_
наука;2017;_;N.Fem.Inan;A2;LM;1;науки;Gen.Sing;_;_;_;_
наука;2018;_;N.Fem.Inan;A2;LM;2;наук;Gen.Plur;_;_;_;_
наука;2019;_;N.Fem.Inan;A2;LM;3;наука;Nom.Sing;_;_;_;_
находить;2020;_;V;A2;Golosa, MiP, LM;1;находит;Sing.3.Pres/Fut;_;_;_;_
находить;2021;_;V;A2;Golosa, MiP, LM;2;находят;Plur.3.Pres/Fut;_;_;_;_
находить;2022;_;V;A2;Golosa, MiP, LM;3;находить;Inf;_;_;_;_
начало;2023;_;N.Neut.Inan;A2;LM;1;начале;Loc.Sing;_;_;_;_
начало;2024;_;N.Neut.Inan;A2;LM;2;начала;Gen.Sing;_;_;_;_
начало;2025;_;N.Neut.Inan;A2;LM;3;начало;Nom.Sing;_;_;_;_
начать;2026;_;V;A2;MiP;1;начал;Masc.Sing.Past;_;_;_;_
начать;2027;_;V;A2;MiP;2;начали;Plur.Past;_;_;_;_
начать;2028;_;V;A2;MiP;3;начала;Fem.Sing.Past;_;_;_;_
начинать;2029;_;V;A2;MiP, LM;1;начинает;Sing.3.Pres/Fut;_;_;_;_
начинать;2030;_;V;A2;MiP, LM;2;начинают;Plur.3.Pres/Fut;_;_;_;_
начинать;2031;_;V;A2;MiP, LM;3;начиная;Pres/Fut;_;_;_;_
начинаться;2032;_;V;A2;Golosa, LM;1;начинается;Sing.3.Pres/Fut;_;_;_;_
начинаться;2033;_;V;A2;Golosa, LM;2;начиналась;Fem.Sing.Past;_;_;_;_
начинаться;2034;_;V;A2;Golosa, LM;3;начинаются;Plur.3.Pres/Fut;_;_;_;_
небо;2035;_;N.Neut.Inan;A2;LM;1;неба;Gen.Sing;_;_;_;_
небо;2036;_;N.Neut.Inan;A2;LM;2;небе;Loc.Sing;_;_;_;_
небо;2037;_;N.Neut.Inan;A2;LM;3;небо;Nom.Sing;_;_;_;_
несчастие;2038;_;N.Neut.Inan;A2;LM;1;несчастья;Nom.Plur;_;_;_;_
несчастие;2039;_;N.Neut.Inan;A2;LM;2;несчастий;Gen.Plur;_;_;_;_
несчастный;2040;_;A;A2;LM;1;несчастная;Nom.Fem.Sing;_;_;_;_
несчастный;2041;_;A;A2;LM;2;несчастного;Anim.Acc.Masc.Sing;_;_;_;_
несчастный;2042;_;A;A2;LM;3;несчастных;Gen.Plur;_;_;_;_
низкий;2043;_;A;A2;Golosa, LM;1;ниже;Comp;_;_;_;_
низкий;2044;_;A;A2;Golosa, LM;2;низкий;Nom.Masc.Sing;_;_;_;_
низкий;2045;_;A;A2;Golosa, LM;3;низкая;Nom.Fem.Sing;_;_;_;_
нос;2046;_;N.Masc.Inan;A2;Golosa, LM;1;нос;Acc.Sing;_;_;_;_
нос;2047;_;N.Masc.Inan;A2;Golosa, LM;2;носом;Ins.Sing;_;_;_;_
нос;2048;_;N.Masc.Inan;A2;Golosa, LM;3;носа;Gen.Sing;_;_;_;_
носок;2049;_;N.Masc.Inan;A2;LM;1;носки;Acc.Plur;_;_;_;_
носок;2050;_;N.Masc.Inan;A2;LM;2;носках;Loc.Plur;_;_;_;_
носок;2051;_;N.Masc.Inan;A2;LM;3;носком;Ins.Sing;_;_;_;_
обещать;2052;_;V;A2;Golosa, LM;1;обещал;Masc.Sing.Past;_;_;_;_
обещать;2053;_;V;A2;Golosa, LM;2;обещает;Sing.3.Pres/Fut;_;_;_;_
обещать;2054;_;V;A2;Golosa, LM;3;обещают;Plur.3.Pres/Fut;_;_;_;_
общество;2055;_;N.Neut.Inan;A2;Golosa, LM;1;общества;Gen.Sing;_;_;_;_
общество;2056;_;N.Neut.Inan;A2;Golosa, LM;2;обществе;Loc.Sing;_;_;_;_
общество;2057;_;N.Neut.Inan;A2;Golosa, LM;3;общество;Nom.Sing;_;_;_;_
объявление;2058;_;N.Neut.Inan;A2;Golosa, LM;1;объявления;Acc.Plur;_;_;_;_
объявление;2059;_;N.Neut.Inan;A2;Golosa, LM;2;объявление;Acc.Sing;_;_;_;_
объявление;2060;_;N.Neut.Inan;A2;Golosa, LM;3;объявлений;Gen.Plur;_;_;_;_
объяснять;2061;_;V;A2;Golosa, LM;1;объяснять;Inf;_;_;_;_
объяснять;2062;_;V;A2;Golosa, LM;2;объясняет;Sing.3.Pres/Fut;_;_;_;_
объяснять;2063;_;V;A2;Golosa, LM;3;объясняют;Plur.3.Pres/Fut;_;_;_;_
обыкновенный;2064;_;A;A2;Golosa, LM;1;обыкновенный;Nom.Masc.Sing;_;_;_;_
обыкновенный;2065;_;A;A2;Golosa, LM;2;обыкновенная;Nom.Fem.Sing;_;_;_;_
обыкновенный;2066;_;A;A2;Golosa, LM;3;обыкновенных;Gen.Plur;_;_;_;_
обычный;2067;_;A;A2;Golosa, LM;1;обычная;Nom.Fem.Sing;_;_;_;_
обычный;2068;_;A;A2;Golosa, LM;2;обычные;Nom.Plur;_;_;_;_
обычный;2069;_;A;A2;Golosa, LM;3;обычных;Gen.Plur;_;_;_;_
огромный;2070;_;A;A2;Golosa, LM;1;огромный;Nom.Masc.Sing;_;_;_;_
огромный;2071;_;A;A2;Golosa, LM;2;огромным;Ins.Masc.Sing;_;_;_;_
огромный;2072;_;A;A2;Golosa, LM;3;огромное;Nom.Neut.Sing;_;_;_;_
одеваться;2073;_;V;A2;Golosa, LM;1;одеваться;Inf;_;_;_;_
одеваться;2074;_;V;A2;Golosa, LM;2;одевались;Plur.Past;_;_;_;_
одеваться;2075;_;V;A2;Golosa, LM;3;одевайся;Imper.Sing.2;_;_;_;_
одинаковый;2076;_;A;A2;LM;1;одинаковый;Nom.Masc.Sing;_;_;_;_
одинаковый;2077;_;A;A2;LM;2;одинаковые;Nom.Plur;_;_;_;_
одинаковый;2078;_;A;A2;LM;3;одинаковы;Plur;_;_;_;_
озеро;2079;_;N.Neut.Inan;A2;Golosa, MiP, LM;1;озера;Gen.Sing;_;_;_;_
озеро;2080;_;N.Neut.Inan;A2;Golosa, MiP, LM;2;озеро;Acc.Sing;_;_;_;_
озеро;2081;_;N.Neut.Inan;A2;Golosa, MiP, LM;3;озере;Loc.Sing;_;_;_;_
окончание;2082;_;N.Neut.Inan;A2;LM;1;окончания;Gen.Sing;_;_;_;_
окончание;2083;_;N.Neut.Inan;A2;LM;2;окончании;Loc.Sing;_;_;_;_
окончание;2084;_;N.Neut.Inan;A2;LM;3;окончание;Nom.Sing;_;_;_;_
опытный;2085;_;A;A2;LM;1;опытный;Nom.Masc.Sing;_;_;_;_
опытный;2086;_;A;A2;LM;2;опытные;Nom.Plur;_;_;_;_
опытный;2087;_;A;A2;LM;3;опытным;Ins.Masc.Sing;_;_;_;_
осенний;2088;_;A;A2;LM;1;осенний;Nom.Masc.Sing;_;_;_;_
осенний;2089;_;A;A2;LM;2;осеннем;Loc.Masc.Sing;_;_;_;_
осенний;2090;_;A;A2;LM;3;осенней;Gen.Fem.Sing;_;_;_;_
основной;2091;_;A;A2;LM;1;основном;Loc.Neut.Sing;_;_;_;_
основной;2092;_;A;A2;LM;2;основных;Gen.Plur;_;_;_;_
основной;2093;_;A;A2;LM;3;основная;Nom.Fem.Sing;_;_;_;_
остров;2094;_;N.Masc.Inan;A2;MiP, LM;1;острове;Loc.Sing;_;_;_;_
остров;2095;_;N.Masc.Inan;A2;MiP, LM;2;остров;Acc.Sing;_;_;_;_
остров;2096;_;N.Masc.Inan;A2;MiP, LM;3;острова;Gen.Sing;_;_;_;_
ответить;2097;_;V;A2;MiP;1;ответил;Masc.Sing.Past;_;_;_;_
ответить;2098;_;V;A2;MiP;2;ответить;Inf;_;_;_;_
ответить;2099;_;V;A2;MiP;3;ответила;Fem.Sing.Past;_;_;_;_
отвечать;2100;_;V;A2;Golosa, MiP, LM;1;отвечает;Sing.3.Pres/Fut;_;_;_;_
отвечать;2101;_;V;A2;Golosa, MiP, LM;2;отвечать;Inf;_;_;_;_
отвечать;2102;_;V;A2;Golosa, MiP, LM;3;отвечал;Masc.Sing.Past;_;_;_;_
открывать;2103;_;V;A2;MiP, LM;1;открывает;Sing.3.Pres/Fut;_;_;_;_
открывать;2104;_;V;A2;MiP, LM;2;открывать;Inf;_;_;_;_
открывать;2105;_;V;A2;MiP, LM;3;открывая;Pres/Fut;_;_;_;_
открываться;2106;_;V;A2;LM;1;открывается;Sing.3.Pres/Fut;_;_;_;_
открываться;2107;_;V;A2;LM;2;открывались;Plur.Past;_;_;_;_
открываться;2108;_;V;A2;LM;3;открываются;Plur.3.Pres/Fut;_;_;_;_
открытие;2109;_;N.Neut.Inan;A2;LM;1;открытия;Gen.Sing;_;_;_;_
открытие;2110;_;N.Neut.Inan;A2;LM;2;открытие;Nom.Sing;_;_;_;_
открытие;2111;_;N.Neut.Inan;A2;LM;3;открытий;Gen.Plur;_;_;_;_
отношение;2112;_;N.Neut.Inan;A2;LM;1;отношение;Nom.Sing;_;_;_;_
отношение;2113;_;N.Neut.Inan;A2;LM;2;отношении;Loc.Sing;_;_;_;_
отношение;2114;_;N.Neut.Inan;A2;LM;3;отношений;Gen.Plur;_;_;_;_
отправить;2115;_;V;A2;MiP;1;отправить;Inf;_;_;_;_
отправить;2116;_;V;A2;MiP;2;отправили;Plur.Past;_;_;_;_
отправить;2117;_;V;A2;MiP;3;отправил;Masc.Sing.Past;_;_;_;_
отправлять;2118;_;V;A2;Golosa, MiP, LM;1;отправлять;Inf;_;_;_;_
отправлять;2119;_;V;A2;Golosa, MiP, LM;2;отправляют;Plur.3.Pres/Fut;_;_;_;_
отправлять;2120;_;V;A2;Golosa, MiP, LM;3;отправляет;Sing.3.Pres/Fut;_;_;_;_
отчество;2121;_;N.Neut.Inan;A2;Golosa, LM;1;отчество;Nom.Sing;_;_;_;_
отчество;2122;_;N.Neut.Inan;A2;Golosa, LM;2;отчеству;Dat.Sing;_;_;_;_
отчество;2123;_;N.Neut.Inan;A2;Golosa, LM;3;отчеством;Ins.Sing;_;_;_;_
оценивать;2124;_;V;A2;LM;1;оценивать;Inf;_;_;_;_
оценивать;2125;_;V;A2;LM;2;оценивают;Plur.3.Pres/Fut;_;_;_;_
оценивать;2126;_;V;A2;LM;3;оцениваете;Plur.2.Pres/Fut;_;_;_;_
падать;2127;_;V;A2;Golosa, LM;1;падает;Sing.3.Pres/Fut;_;_;_;_
падать;2128;_;V;A2;Golosa, LM;2;падал;Masc.Sing.Past;_;_;_;_
падать;2129;_;V;A2;Golosa, LM;3;падали;Plur.Past;_;_;_;_
палец;2130;_;N.Masc.Inan;A2;Golosa, LM;1;пальцем;Ins.Sing;_;_;_;_
палец;2131;_;N.Masc.Inan;A2;Golosa, LM;2;пальцами;Ins.Plur;_;_;_;_
палец;2132;_;N.Masc.Inan;A2;Golosa, LM;3;пальцев;Gen.Plur;_;_;_;_
парламент;2133;_;N.Masc.Inan;A2;LM;1;парламенте;Loc.Sing;_;_;_;_
парламент;2134;_;N.Masc.Inan;A2;LM;2;парламент;Nom.Sing;_;_;_;_
парламент;2135;_;N.Masc.Inan;A2;LM;3;парламента;Gen.Sing;_;_;_;_
партия;2136;_;N.Fem.Inan;A2;LM;1;партии;Gen.Sing;_;_;_;_
партия;2137;_;N.Fem.Inan;A2;LM;2;партия;Nom.Sing;_;_;_;_
партия;2138;_;N.Fem.Inan;A2;LM;3;партию;Acc.Sing;_;_;_;_
певец;2139;_;N.Masc.Anim;A2;LM;1;певец;Nom.Sing;_;_;_;_
певец;2140;_;N.Masc.Anim;A2;LM;2;певцы;Nom.Plur;_;_;_;_
певец;2141;_;N.Masc.Anim;A2;LM;3;певца;Gen.Sing;_;_;_;_
певица;2142;_;N.Fem.Anim;A2;LM;1;певица;Nom.Sing;_;_;_;_
певица;2143;_;N.Fem.Anim;A2;LM;2;певицы;Gen.Sing;_;_;_;_
певица;2144;_;N.Fem.Anim;A2;LM;3;певицей;Ins.Sing;_;_;_;_
пенсия;2145;_;N.Fem.Inan;A2;Golosa, MiP, LM;1;пенсию;Acc.Sing;_;_;_;_
пенсия;2146;_;N.Fem.Inan;A2;Golosa, MiP, LM;2;пенсии;Gen.Sing;_;_;_;_
пенсия;2147;_;N.Fem.Inan;A2;Golosa, MiP, LM;3;пенсия;Nom.Sing;_;_;_;_
первый;2148;_;A;A2;Golosa, MiP, LM;1;первую;Acc.Fem.Sing;_;_;_;_
первый;2149;_;A;A2;Golosa, MiP, LM;2;первый;Nom.Masc.Sing;_;_;_;_
первый;2150;_;A;A2;Golosa, MiP, LM;3;первого;Gen.Masc.Sing;_;_;_;_
перевод;2151;_;N.Masc.Inan;A2;LM;1;переводов;Gen.Plur;_;_;_;_
перевод;2152;_;N.Masc.Inan;A2;LM;2;перевода;Gen.Sing;_;_;_;_
перевод;2153;_;N.Masc.Inan;A2;LM;3;переводы;Nom.Plur;_;_;_;_
переводить;2154;_;V;A2;LM;1;переводить;Inf;_;_;_;_
переводить;2155;_;V;A2;LM;2;переводя;Pres/Fut;_;_;_;_
переводить;2156;_;V;A2;LM;3;переводит;Sing.3.Pres/Fut;_;_;_;_
передавать;2157;_;V;A2;Golosa, LM;1;передаёт;Sing.3.Pres/Fut;_;_;_;_
передавать;2158;_;V;A2;Golosa, LM;2;передавать;Inf;_;_;_;_
передавать;2159;_;V;A2;Golosa, LM;3;передают;Plur.3.Pres/Fut;_;_;_;_
переезжать;2160;_;V;A2;Golosa, MiP, LM;1;переезжая;Pres/Fut;_;_;_;_
переезжать;2161;_;V;A2;Golosa, MiP, LM;2;переезжать;Inf;_;_;_;_
переезжать;2162;_;V;A2;Golosa, MiP, LM;3;переезжали;Plur.Past;_;_;_;_
переехать;2163;_;V;A2;MiP;1;переехал;Masc.Sing.Past;_;_;_;_
переехать;2164;_;V;A2;MiP;2;переехали;Plur.Past;_;_;_;_
переехать;2165;_;V;A2;MiP;3;переехать;Inf;_;_;_;_
пересадка;2166;_;N.Fem.Inan;A2;Golosa, LM;1;пересадку;Acc.Sing;_;_;_;_
переходить;2167;_;V;A2;LM;1;переходит;Sing.3.Pres/Fut;_;_;_;_
переходить;2168;_;V;A2;LM;2;переходят;Plur.3.Pres/Fut;_;_;_;_
переходить;2169;_;V;A2;LM;3;переходить;Inf;_;_;_;_
песня;2170;_;N.Fem.Inan;A2;Golosa, LM;1;песни;Nom.Plur;_;_;_;_
песня;2171;_;N.Fem.Inan;A2;Golosa, LM;2;песня;Nom.Sing;_;_;_;_
песня;2172;_;N.Fem.Inan;A2;Golosa, LM;3;песню;Acc.Sing;_;_;_;_
пирог;2173;_;N.Masc.Inan;A2;LM, Кс;1;пирог;Acc.Sing;_;_;_;_
пирог;2174;_;N.Masc.Inan;A2;LM, Кс;2;пироги;Acc.Plur;_;_;_;_
пирог;2175;_;N.Masc.Inan;A2;LM, Кс;3;пирога;Gen.Sing;_;_;_;_
пирожок;2176;_;N.Masc.Inan;A2;LM, Кс;1;пирожки;Acc.Plur;_;_;_;_
пирожок;2177;_;N.Masc.Inan;A2;LM, Кс;2;пирожок;Acc.Sing;_;_;_;_
плавать;2178;_;V;A2;Golosa, LM;1;плавать;Inf;_;_;_;_
плавать;2179;_;V;A2;Golosa, LM;2;плавала;Fem.Sing.Past;_;_;_;_
плавать;2180;_;V;A2;Golosa, LM;3;плавали;Plur.Past;_;_;_;_
плакать;2181;_;V;A2;LM;1;плакала;Fem.Sing.Past;_;_;_;_
плакать;2182;_;V;A2;LM;2;плачет;Sing.3.Pres/Fut;_;_;_;_
плакать;2183;_;V;A2;LM;3;плакал;Masc.Sing.Past;_;_;_;_
платить;2184;_;V;A2;Golosa, MiP, LM;1;платить;Inf;_;_;_;_
платить;2185;_;V;A2;Golosa, MiP, LM;2;платят;Plur.3.Pres/Fut;_;_;_;_
платить;2186;_;V;A2;Golosa, MiP, LM;3;платит;Sing.3.Pres/Fut;_;_;_;_
плащ;2187;_;N.Masc.Inan;A2;Golosa, LM, Поехали;1;плащ;Acc.Sing;_;_;_;_
плащ;2188;_;N.Masc.Inan;A2;Golosa, LM, Поехали;2;плаще;Loc.Sing;_;_;_;_
плащ;2189;_;N.Masc.Inan;A2;Golosa, LM, Поехали;3;плащом;Ins.Sing;_;_;_;_
плыть;2190;_;V;A2;LM;1;плывёт;Sing.3.Pres/Fut;_;_;_;_
плыть;2191;_;V;A2;LM;2;плывут;Plur.3.Pres/Fut;_;_;_;_
плыть;2192;_;V;A2;LM;3;плыть;Inf;_;_;_;_
победа;2193;_;N.Fem.Inan;A2;LM;1;победа;Nom.Sing;_;_;_;_
победа;2194;_;N.Fem.Inan;A2;LM;2;победы;Gen.Sing;_;_;_;_
победа;2195;_;N.Fem.Inan;A2;LM;3;победу;Acc.Sing;_;_;_;_
побеждать;2196;_;V;A2;LM;1;побеждает;Sing.3.Pres/Fut;_;_;_;_
побеждать;2197;_;V;A2;LM;2;побеждать;Inf;_;_;_;_
побеждать;2198;_;V;A2;LM;3;побеждали;Plur.Past;_;_;_;_
побеседовать;2199;_;V;A2;LM;1;побеседовать;Inf;_;_;_;_
поблагодарить;2200;_;V;A2;LM;1;поблагодарить;Inf;_;_;_;_
поблагодарить;2201;_;V;A2;LM;2;поблагодарил;Masc.Sing.Past;_;_;_;_
поблагодарить;2202;_;V;A2;LM;3;поблагодарила;Fem.Sing.Past;_;_;_;_
побывать;2203;_;V;A2;LM;1;побывал;Masc.Sing.Past;_;_;_;_
побывать;2204;_;V;A2;LM;2;побывать;Inf;_;_;_;_
побывать;2205;_;V;A2;LM;3;побывали;Plur.Past;_;_;_;_
повезти;2206;_;V;A2;LM;1;повезло;Neut.Sing.Past;_;_;_;_
повезти;2207;_;V;A2;LM;2;повезёт;Sing.3.Pres/Fut;_;_;_;_
повезти;2208;_;V;A2;LM;3;повезли;Plur.Past;_;_;_;_
поверить;2209;_;V;A2;LM;1;поверить;Inf;_;_;_;_
поверить;2210;_;V;A2;LM;2;поверьте;Imper.Plur.2;_;_;_;_
поверить;2211;_;V;A2;LM;3;поверил;Masc.Sing.Past;_;_;_;_
поднимать;2212;_;V;A2;Golosa;1;поднимает;Sing.3.Pres/Fut;_;_;_;_
поднимать;2213;_;V;A2;Golosa;2;поднимая;Pres/Fut;_;_;_;_
поднимать;2214;_;V;A2;Golosa;3;поднимать;Inf;_;_;_;_
поза;2215;_;N.Fem.Inan;A2;LM;1;позе;Loc.Sing;_;_;_;_
поза;2216;_;N.Fem.Inan;A2;LM;2;позы;Acc.Plur;_;_;_;_
поза;2217;_;N.Fem.Inan;A2;LM;3;позу;Acc.Sing;_;_;_;_
позвать;2218;_;V;A2;LM;1;позвал;Masc.Sing.Past;_;_;_;_
позвать;2219;_;V;A2;LM;2;позвать;Inf;_;_;_;_
позвать;2220;_;V;A2;LM;3;позвала;Fem.Sing.Past;_;_;_;_
поздравить;2221;_;V;A2;MiP;1;поздравить;Inf;_;_;_;_
поздравить;2222;_;V;A2;MiP;2;поздравим;Plur.1.Pres/Fut;_;_;_;_
поздравить;2223;_;V;A2;MiP;3;поздравил;Masc.Sing.Past;_;_;_;_
поздравлять;2224;_;V;A2;MiP, LM;1;поздравляем;Plur.1.Pres/Fut;_;_;_;_
поздравлять;2225;_;V;A2;MiP, LM;2;поздравляет;Sing.3.Pres/Fut;_;_;_;_
поздравлять;2226;_;V;A2;MiP, LM;3;поздравляю;Sing.1.Pres/Fut;_;_;_;_
познакомиться;2227;_;V;A2;MiP, LM;1;познакомиться;Inf;_;_;_;_
познакомиться;2228;_;V;A2;MiP, LM;2;познакомился;Masc.Sing.Past;_;_;_;_
познакомиться;2229;_;V;A2;MiP, LM;3;познакомились;Plur.Past;_;_;_;_
показать;2230;_;V;A2;MiP;1;показать;Inf;_;_;_;_
показать;2231;_;V;A2;MiP;2;показал;Masc.Sing.Past;_;_;_;_
показать;2232;_;V;A2;MiP;3;показали;Plur.Past;_;_;_;_
показаться;2233;_;V;A2;MiP;1;показалось;Neut.Sing.Past;_;_;_;_
показаться;2234;_;V;A2;MiP;2;показаться;Inf;_;_;_;_
показаться;2235;_;V;A2;MiP;3;показался;Masc.Sing.Past;_;_;_;_
показывать;2236;_;V;A2;Golosa, MiP, LM;1;показывает;Sing.3.Pres/Fut;_;_;_;_
показывать;2237;_;V;A2;Golosa, MiP, LM;2;показывают;Plur.3.Pres/Fut;_;_;_;_
показывать;2238;_;V;A2;Golosa, MiP, LM;3;показывать;Inf;_;_;_;_
пол;2239;_;N.Masc.Inan;A2;Golosa, LM;1;пол;Acc.Sing;_;_;_;_
пол;2240;_;N.Masc.Inan;A2;Golosa, LM;2;полу;Loc.Sing;_;_;_;_
пол;2241;_;N.Masc.Inan;A2;Golosa, LM;3;пола;Gen.Sing;_;_;_;_
полагать;2242;_;V;A2;LM;1;полагают;Plur.3.Pres/Fut;_;_;_;_
полагать;2243;_;V;A2;LM;2;полагать;Inf;_;_;_;_
полагать;2244;_;V;A2;LM;3;полагаю;Sing.1.Pres/Fut;_;_;_;_
поле;2245;_;N.Neut.Inan;A2;LM;1;поля;Gen.Sing;_;_;_;_
поле;2246;_;N.Neut.Inan;A2;LM;2;поле;Nom.Sing;_;_;_;_
поле;2247;_;N.Neut.Inan;A2;LM;3;полях;Loc.Plur;_;_;_;_
полезный;2248;_;A;A2;Golosa, LM;1;полезных;Gen.Plur;_;_;_;_
полезный;2249;_;A;A2;Golosa, LM;2;полезно;Neut.Sing;_;_;_;_
полезный;2250;_;A;A2;Golosa, LM;3;полезны;Plur;_;_;_;_
полететь;2251;_;V;A2;LM;1;полетели;Plur.Past;_;_;_;_
полететь;2252;_;V;A2;LM;2;полетел;Masc.Sing.Past;_;_;_;_
полететь;2253;_;V;A2;LM;3;полетят;Plur.3.Pres/Fut;_;_;_;_
поликлиника;2254;_;N.Fem.Inan;A2;Golosa, LM;1;поликлинику;Acc.Sing;_;_;_;_
поликлиника;2255;_;N.Fem.Inan;A2;Golosa, LM;2;поликлинике;Loc.Sing;_;_;_;_
политика;2256;_;N.Fem.Inan;A2;LM;1;политики;Gen.Sing;_;_;_;_
политика;2257;_;N.Fem.Inan;A2;LM;2;политика;Nom.Sing;_;_;_;_
политика;2258;_;N.Fem.Inan;A2;LM;3;политику;Acc.Sing;_;_;_;_
политический;2259;_;A;A2;LM;1;политических;Gen.Plur;_;_;_;_
политический;2260;_;A;A2;LM;2;политической;Gen.Fem.Sing;_;_;_;_
политический;2261;_;A;A2;LM;3;политическая;Nom.Fem.Sing;_;_;_;_
полк;2262;_;N.Masc.Inan;A2;LM;1;полком;Ins.Sing;_;_;_;_
полк;2263;_;N.Masc.Inan;A2;LM;2;полков;Gen.Plur;_;_;_;_
полк;2264;_;N.Masc.Inan;A2;LM;3;полка;Gen.Sing;_;_;_;_
получать;2265;_;V;A2;Golosa, MiP, LM;1;получать;Inf;_;_;_;_
получать;2266;_;V;A2;Golosa, MiP, LM;2;получает;Sing.3.Pres/Fut;_;_;_;_
получать;2267;_;V;A2;Golosa, MiP, LM;3;получают;Plur.3.Pres/Fut;_;_;_;_
получить;2268;_;V;A2;MiP;1;получить;Inf;_;_;_;_
получить;2269;_;V;A2;MiP;2;получил;Masc.Sing.Past;_;_;_;_
получить;2270;_;V;A2;MiP;3;получили;Plur.Past;_;_;_;_
поменять;2271;_;V;A2;LM;1;поменять;Inf;_;_;_;_
поменять;2272;_;V;A2;LM;2;поменяли;Plur.Past;_;_;_;_
поменять;2273;_;V;A2;LM;3;поменял;Masc.Sing.Past;_;_;_;_
помешать;2274;_;V;A2;LM;1;помешать;Inf;_;_;_;_
помешать;2275;_;V;A2;LM;2;помешают;Plur.3.Pres/Fut;_;_;_;_
помешать;2276;_;V;A2;LM;3;помешало;Neut.Sing.Past;_;_;_;_
помогать;2277;_;V;A2;Golosa, LM;1;помогать;Inf;_;_;_;_
помогать;2278;_;V;A2;Golosa, LM;2;помогает;Sing.3.Pres/Fut;_;_;_;_
помогать;2279;_;V;A2;Golosa, LM;3;помогают;Plur.3.Pres/Fut;_;_;_;_
помочь;2280;_;V;A2;MiP;1;помочь;Inf;_;_;_;_
помочь;2281;_;V;A2;MiP;2;поможет;Sing.3.Pres/Fut;_;_;_;_
помочь;2282;_;V;A2;MiP;3;помог;Masc.Sing.Past;_;_;_;_
помощь;2283;_;N.Fem.Inan;A2;Golosa, LM;1;помощью;Ins.Sing;_;_;_;_
помощь;2284;_;N.Fem.Inan;A2;Golosa, LM;2;помощи;Gen.Sing;_;_;_;_
помощь;2285;_;N.Fem.Inan;A2;Golosa, LM;3;помощь;Acc.Sing;_;_;_;_
помыть;2286;_;V;A2;LM;1;помыть;Inf;_;_;_;_
помыть;2287;_;V;A2;LM;2;помою;Sing.1.Pres/Fut;_;_;_;_
помыть;2288;_;V;A2;LM;3;помыли;Plur.Past;_;_;_;_
понимать;2289;_;V;A2;Golosa, MiP, LM;1;понимаю;Sing.1.Pres/Fut;_;_;_;_
понимать;2290;_;V;A2;Golosa, MiP, LM;2;понимаешь;Sing.2.Pres/Fut;_;_;_;_
понимать;2291;_;V;A2;Golosa, MiP, LM;3;понимать;Inf;_;_;_;_
понять;2292;_;V;A2;MiP;1;понять;Inf;_;_;_;_
понять;2293;_;V;A2;MiP;2;понял;Masc.Sing.Past;_;_;_;_
понять;2294;_;V;A2;MiP;3;поняла;Fem.Sing.Past;_;_;_;_
пообещать;2295;_;V;A2;LM;1;пообещал;Masc.Sing.Past;_;_;_;_
пообещать;2296;_;V;A2;LM;2;пообещать;Inf;_;_;_;_
пообещать;2297;_;V;A2;LM;3;пообещали;Plur.Past;_;_;_;_
популярный;2298;_;A;A2;LM;1;популярных;Gen.Plur;_;_;_;_
популярный;2299;_;A;A2;LM;2;популярная;Nom.Fem.Sing;_;_;_;_
популярный;2300;_;A;A2;LM;3;популярным;Ins.Masc.Sing;_;_;_;_
последний;2301;_;A;A2;Golosa, LM;1;последние;Inan.Acc.Plur;_;_;_;_
последний;2302;_;A;A2;Golosa, LM;2;последних;Gen.Plur;_;_;_;_
последний;2303;_;A;A2;Golosa, LM;3;последнее;Inan.Acc.Neut.Sing;_;_;_;_
послужить;2304;_;V;A2;LM;1;послужит;Sing.3.Pres/Fut;_;_;_;_
послужить;2305;_;V;A2;LM;2;послужило;Neut.Sing.Past;_;_;_;_
послужить;2306;_;V;A2;LM;3;послужили;Plur.Past;_;_;_;_
послушать;2307;_;V;A2;Golosa, MiP, LM;1;послушать;Inf;_;_;_;_
послушать;2308;_;V;A2;Golosa, MiP, LM;2;послушал;Masc.Sing.Past;_;_;_;_
послушать;2309;_;V;A2;Golosa, MiP, LM;3;послушай;Imper.Sing.2;_;_;_;_
посоветовать;2310;_;V;A2;Golosa, LM;1;посоветовать;Inf;_;_;_;_
посоветовать;2311;_;V;A2;Golosa, LM;2;посоветовали;Plur.Past;_;_;_;_
посоветовать;2312;_;V;A2;Golosa, LM;3;посоветовал;Masc.Sing.Past;_;_;_;_
посол;2313;_;N.Masc.Anim;A2;LM;1;посол;Nom.Sing;_;_;_;_
посол;2314;_;N.Masc.Anim;A2;LM;2;посла;Gen.Sing;_;_;_;_
посол;2315;_;N.Masc.Inan;A2;LM;3;посоле;Loc.Sing;_;_;_;_
посольство;2316;_;N.Neut.Inan;A2;LM;1;посольство;Nom.Sing;_;_;_;_
посольство;2317;_;N.Neut.Inan;A2;LM;2;посольства;Gen.Sing;_;_;_;_
посольство;2318;_;N.Neut.Inan;A2;LM;3;посольстве;Loc.Sing;_;_;_;_
поставить;2319;_;V;A2;Golosa;1;поставить;Inf;_;_;_;_
поставить;2320;_;V;A2;Golosa;2;поставил;Masc.Sing.Past;_;_;_;_
поставить;2321;_;V;A2;Golosa;3;поставили;Plur.Past;_;_;_;_
потерять;2322;_;V;A2;LM;1;потерял;Masc.Sing.Past;_;_;_;_
потерять;2323;_;V;A2;LM;2;потеряли;Plur.Past;_;_;_;_
потерять;2324;_;V;A2;LM;3;потерять;Inf;_;_;_;_
потратить;2325;_;V;A2;MiP, LM;1;потратил;Masc.Sing.Past;_;_;_;_
потратить;2326;_;V;A2;MiP, LM;2;потратить;Inf;_;_;_;_
потратить;2327;_;V;A2;MiP, LM;3;потратили;Plur.Past;_;_;_;_
поцеловать;2328;_;V;A2;MiP, LM;1;поцеловал;Masc.Sing.Past;_;_;_;_
поцеловать;2329;_;V;A2;MiP, LM;2;поцелую;Sing.1.Pres/Fut;_;_;_;_
поцеловать;2330;_;V;A2;MiP, LM;3;поцеловала;Fem.Sing.Past;_;_;_;_
пошутить;2331;_;V;A2;LM;1;пошутить;Inf;_;_;_;_
пошутить;2332;_;V;A2;LM;2;пошутил;Masc.Sing.Past;_;_;_;_
пошутить;2333;_;V;A2;LM;3;пошучу;Sing.1.Pres/Fut;_;_;_;_
поэзия;2334;_;N.Fem.Inan;A2;Golosa, LM;1;поэзии;Gen.Sing;_;_;_;_
поэзия;2335;_;N.Fem.Inan;A2;Golosa, LM;2;поэзия;Nom.Sing;_;_;_;_
поэзия;2336;_;N.Fem.Inan;A2;Golosa, LM;3;поэзию;Acc.Sing;_;_;_;_
появляться;2337;_;V;A2;LM;1;появляется;Sing.3.Pres/Fut;_;_;_;_
появляться;2338;_;V;A2;LM;2;появляются;Plur.3.Pres/Fut;_;_;_;_
появляться;2339;_;V;A2;LM;3;появлялись;Plur.Past;_;_;_;_
правда;2340;_;N.Fem.Inan;A2;Golosa, MiP, LM;1;правда;Nom.Sing;_;_;_;_
правда;2341;_;N.Fem.Inan;A2;Golosa, MiP, LM;2;правду;Acc.Sing;_;_;_;_
правда;2342;_;N.Fem.Inan;A2;Golosa, MiP, LM;3;правды;Gen.Sing;_;_;_;_
правительство;2343;_;N.Neut.Inan;A2;Golosa, LM;1;правительства;Gen.Sing;_;_;_;_
правительство;2344;_;N.Neut.Inan;A2;Golosa, LM;2;правительство;Nom.Sing;_;_;_;_
правительство;2345;_;N.Neut.Inan;A2;Golosa, LM;3;правительству;Dat.Sing;_;_;_;_
право;2346;_;N.Neut.Inan;A2;LM;1;право;Acc.Sing;_;_;_;_
право;2347;_;N.Neut.Inan;A2;LM;2;права;Gen.Sing;_;_;_;_
право;2348;_;N.Neut.Inan;A2;LM;3;прав;Gen.Plur;_;_;_;_
праздник;2349;_;N.Masc.Inan;A2;Golosa, LM;1;праздник;Nom.Sing;_;_;_;_
праздник;2350;_;N.Masc.Inan;A2;Golosa, LM;2;праздника;Gen.Sing;_;_;_;_
праздник;2351;_;N.Masc.Inan;A2;Golosa, LM;3;праздники;Nom.Plur;_;_;_;_
предлагать;2352;_;V;A2;Golosa, MiP, LM;1;предлагает;Sing.3.Pres/Fut;_;_;_;_
предлагать;2353;_;V;A2;Golosa, MiP, LM;2;предлагают;Plur.3.Pres/Fut;_;_;_;_
предлагать;2354;_;V;A2;Golosa, MiP, LM;3;предлагали;Plur.Past;_;_;_;_
предложить;2355;_;V;A2;MiP;1;предложил;Masc.Sing.Past;_;_;_;_
предложить;2356;_;V;A2;MiP;2;предложить;Inf;_;_;_;_
предложить;2357;_;V;A2;MiP;3;предложили;Plur.Past;_;_;_;_
президент;2358;_;N.Masc.Anim;A2;LM;1;президент;Nom.Sing;_;_;_;_
президент;2359;_;N.Masc.Anim;A2;LM;2;президента;Gen.Sing;_;_;_;_
президент;2360;_;N.Masc.Anim;A2;LM;3;президентом;Ins.Sing;_;_;_;_
прекрасный;2361;_;A;A2;Golosa, MiP, LM;1;прекрасный;Nom.Masc.Sing;_;_;_;_
прекрасный;2362;_;A;A2;Golosa, MiP, LM;2;прекрасные;Nom.Plur;_;_;_;_
прекрасный;2363;_;A;A2;Golosa, MiP, LM;3;прекрасно;Neut.Sing;_;_;_;_
преподавать;2364;_;V;A2;LM;1;преподавать;Inf;_;_;_;_
преподавать;2365;_;V;A2;LM;2;преподаёт;Sing.3.Pres/Fut;_;_;_;_
преподавать;2366;_;V;A2;LM;3;преподают;Plur.3.Pres/Fut;_;_;_;_
пригласить;2367;_;V;A2;MiP;1;пригласил;Masc.Sing.Past;_;_;_;_
пригласить;2368;_;V;A2;MiP;2;пригласили;Plur.Past;_;_;_;_
пригласить;2369;_;V;A2;MiP;3;пригласить;Inf;_;_;_;_
приглашать;2370;_;V;A2;Golosa, MiP, LM;1;приглашали;Plur.Past;_;_;_;_
приглашать;2371;_;V;A2;Golosa, MiP, LM;2;приглашаю;Sing.1.Pres/Fut;_;_;_;_
приглашать;2372;_;V;A2;Golosa, MiP, LM;3;приглашал;Masc.Sing.Past;_;_;_;_
приезд;2373;_;N.Masc.Inan;A2;Golosa, LM;1;приезду;Dat.Sing;_;_;_;_
приезд;2374;_;N.Masc.Inan;A2;Golosa, LM;2;приезде;Loc.Sing;_;_;_;_
приезд;2375;_;N.Masc.Inan;A2;Golosa, LM;3;приезда;Gen.Sing;_;_;_;_
прийти;2376;_;V;A2;MiP;1;пришёл;Masc.Sing.Past;_;_;_;_
прийти;2377;_;V;A2;MiP;2;пришла;Fem.Sing.Past;_;_;_;_
прийти;2378;_;V;A2;MiP;3;пришли;Plur.Past;_;_;_;_
пример;2379;_;N.Masc.Inan;A2;LM;1;примеру;Dat.Sing;_;_;_;_
пример;2380;_;N.Masc.Inan;A2;LM;2;пример;Nom.Sing;_;_;_;_
пример;2381;_;N.Masc.Inan;A2;LM;3;примере;Loc.Sing;_;_;_;_
природа;2382;_;N.Fem.Inan;A2;Golosa, LM;1;природы;Gen.Sing;_;_;_;_
природа;2383;_;N.Fem.Inan;A2;Golosa, LM;2;природе;Loc.Sing;_;_;_;_
природа;2384;_;N.Fem.Inan;A2;Golosa, LM;3;природа;Nom.Sing;_;_;_;_
приходить;2385;_;V;A2;Golosa, MiP, LM;1;приходит;Sing.3.Pres/Fut;_;_;_;_
приходить;2386;_;V;A2;Golosa, MiP, LM;2;приходят;Plur.3.Pres/Fut;_;_;_;_
приходить;2387;_;V;A2;Golosa, MiP, LM;3;приходил;Masc.Sing.Past;_;_;_;_
причина;2388;_;N.Fem.Inan;A2;Golosa, LM;1;причин;Gen.Plur;_;_;_;_
причина;2389;_;N.Fem.Inan;A2;Golosa, LM;2;причинам;Dat.Plur;_;_;_;_
причина;2390;_;N.Fem.Inan;A2;Golosa, LM;3;причине;Dat.Sing;_;_;_;_
приятный;2391;_;A;A2;MiP, LM;1;приятно;Neut.Sing;_;_;_;_
приятный;2392;_;A;A2;MiP, LM;2;приятное;Inan.Acc.Neut.Sing;_;_;_;_
приятный;2393;_;A;A2;MiP, LM;3;приятная;Nom.Fem.Sing;_;_;_;_
продавать;2394;_;V;A2;Golosa, MiP, LM;1;продавать;Inf;_;_;_;_
продавать;2395;_;V;A2;Golosa, MiP, LM;2;продают;Plur.3.Pres/Fut;_;_;_;_
продавать;2396;_;V;A2;Golosa, MiP, LM;3;продавали;Plur.Past;_;_;_;_
продавец;2397;_;N.Masc.Anim;A2;MiP, LM;1;продавец;Nom.Sing;_;_;_;_
продавец;2398;_;N.Masc.Anim;A2;MiP, LM;2;продавцы;Nom.Plur;_;_;_;_
продавец;2399;_;N.Masc.Anim;A2;MiP, LM;3;продавца;Acc.Sing;_;_;_;_
продать;2400;_;V;A2;MiP;1;продать;Inf;_;_;_;_
продать;2401;_;V;A2;MiP;2;продали;Plur.Past;_;_;_;_
продать;2402;_;V;A2;MiP;3;продал;Masc.Sing.Past;_;_;_;_
продолжаться;2403;_;V;A2;LM;1;продолжаться;Inf;_;_;_;_
продолжаться;2404;_;V;A2;LM;2;продолжается;Sing.3.Pres/Fut;_;_;_;_
продолжаться;2405;_;V;A2;LM;3;продолжаются;Plur.3.Pres/Fut;_;_;_;_
простой;2406;_;A;A2;Golosa, LM;1;просто;Neut.Sing;_;_;_;_
простой;2407;_;A;A2;Golosa, LM;2;проще;Neut.Sing;_;_;_;_
простой;2408;_;A;A2;Golosa, LM;3;простых;Gen.Plur;_;_;_;_
просьба;2409;_;N.Fem.Inan;A2;LM;1;просьбой;Ins.Sing;_;_;_;_
просьба;2410;_;N.Fem.Inan;A2;LM;2;просьба;Nom.Sing;_;_;_;_
просьба;2411;_;N.Fem.Inan;A2;LM;3;просьбе;Dat.Sing;_;_;_;_
просьба;2412;_;N.Fem.Inan;A2;Golosa;1;просьбой;Ins.Sing;_;_;_;_
просьба;2413;_;N.Fem.Inan;A2;Golosa;2;просьба;Nom.Sing;_;_;_;_
просьба;2414;_;N.Fem.Inan;A2;Golosa;3;просьбе;Dat.Sing;_;_;_;_
профессор;2415;_;N.Masc.Anim;A2;LM;1;профессор;Nom.Sing;_;_;_;_
профессор;2416;_;N.Masc.Anim;A2;LM;2;профессором;Ins.Sing;_;_;_;_
профессор;2417;_;N.Masc.Anim;A2;LM;3;профессора;Gen.Sing;_;_;_;_
проходить;2418;_;V;A2;Golosa, MiP, LM;1;проходит;Sing.3.Pres/Fut;_;_;_;_
проходить;2419;_;V;A2;Golosa, MiP, LM;2;проходят;Plur.3.Pres/Fut;_;_;_;_
проходить;2420;_;V;A2;Golosa, MiP, LM;3;проходили;Plur.Past;_;_;_;_
процент;2421;_;N.Masc.Inan;A2;LM;1;процентов;Gen.Plur;_;_;_;_
процент;2422;_;N.Masc.Inan;A2;LM;2;процента;Gen.Sing;_;_;_;_
процент;2423;_;N.Masc.Inan;A2;LM;3;процент;Nom.Sing;_;_;_;_
прошлый;2424;_;A;A2;LM;1;прошлом;Loc.Masc.Sing;_;_;_;_
прошлый;2425;_;A;A2;LM;2;прошлого;Gen.Masc.Sing;_;_;_;_
прошлый;2426;_;A;A2;LM;3;прошлой;Loc.Fem.Sing;_;_;_;_
прощать;2427;_;V;A2;LM;1;прощать;Inf;_;_;_;_
прощать;2428;_;V;A2;LM;2;прощай;Imper.Sing.2;_;_;_;_
прощать;2429;_;V;A2;LM;3;прощаю;Sing.1.Pres/Fut;_;_;_;_
психолог;2430;_;N.Masc.Anim;A2;LM;1;психологов;Gen.Plur;_;_;_;_
психолог;2431;_;N.Masc.Anim;A2;LM;2;психологи;Nom.Plur;_;_;_;_
психолог;2432;_;N.Masc.Anim;A2;LM;3;психолога;Gen.Sing;_;_;_;_
птица;2433;_;N.Fem.Anim;A2;Golosa, LM, Поехали;1;птицы;Nom.Plur;_;_;_;_
птица;2434;_;N.Fem.Anim;A2;Golosa, LM, Поехали;2;птица;Nom.Sing;_;_;_;_
птица;2435;_;N.Fem.Anim;A2;Golosa, LM, Поехали;3;птиц;Gen.Plur;_;_;_;_
путешествовать;2436;_;V;A2;LM;1;путешествовать;Inf;_;_;_;_
путешествовать;2437;_;V;A2;LM;2;путешествовал;Masc.Sing.Past;_;_;_;_
путешествовать;2438;_;V;A2;LM;3;путешествовали;Plur.Past;_;_;_;_
рабочий;2439;_;A;A2;LM;1;рабочей;Gen.Fem.Sing;_;_;_;_
рабочий;2440;_;N.Masc.Anim;A2;LM;2;рабочих;Gen.Plur;_;_;_;_
рабочий;2441;_;A;A2;LM;3;рабочий;Nom.Masc.Sing;_;_;_;_
радость;2442;_;N.Fem.Inan;A2;Golosa, LM;1;радость;Nom.Sing;_;_;_;_
радость;2443;_;N.Fem.Inan;A2;Golosa, LM;2;радости;Gen.Sing;_;_;_;_
радость;2444;_;N.Fem.Inan;A2;Golosa, LM;3;радостью;Ins.Sing;_;_;_;_
разговор;2445;_;N.Masc.Inan;A2;Golosa, LM;1;разговор;Nom.Sing;_;_;_;_
разговор;2446;_;N.Masc.Inan;A2;Golosa, LM;2;разговора;Gen.Sing;_;_;_;_
разговор;2447;_;N.Masc.Inan;A2;Golosa, LM;3;разговоров;Gen.Plur;_;_;_;_
рассказать;2448;_;V;A2;MiP;1;рассказал;Masc.Sing.Past;_;_;_;_
рассказать;2449;_;V;A2;MiP;2;рассказать;Inf;_;_;_;_
рассказать;2450;_;V;A2;MiP;3;расскажу;Sing.1.Pres/Fut;_;_;_;_
рассказывать;2451;_;V;A2;Golosa, MiP, LM;1;рассказывает;Sing.3.Pres/Fut;_;_;_;_
рассказывать;2452;_;V;A2;Golosa, MiP, LM;2;рассказывать;Inf;_;_;_;_
рассказывать;2453;_;V;A2;Golosa, MiP, LM;3;рассказывал;Masc.Sing.Past;_;_;_;_
расти;2454;_;V;A2;LM;1;растёт;Sing.3.Pres/Fut;_;_;_;_
расти;2455;_;V;A2;LM;2;растут;Plur.3.Pres/Fut;_;_;_;_
расти;2456;_;V;A2;LM;3;расти;Inf;_;_;_;_
ребята;2457;_;N.Inan;A2;Golosa, LM;1;ребята;Nom.Plur;_;_;_;_
ребята;2458;_;N.Inan;A2;Golosa, LM;2;ребят;Gen.Plur;_;_;_;_
ребята;2459;_;N.Inan;A2;Golosa, LM;3;ребятами;Ins.Plur;_;_;_;_
режиссер;2460;_;N.Masc.Anim;A2;LM;1;режиссёр;Nom.Sing;_;_;_;_
режиссер;2461;_;N.Masc.Anim;A2;LM;2;режиссёра;Gen.Sing;_;_;_;_
режиссер;2462;_;N.Masc.Anim;A2;LM;3;режиссер;Nom.Sing;_;_;_;_
результат;2463;_;N.Masc.Inan;A2;LM;1;результате;Loc.Sing;_;_;_;_
результат;2464;_;N.Masc.Inan;A2;LM;2;результаты;Nom.Plur;_;_;_;_
результат;2465;_;N.Masc.Inan;A2;LM;3;результат;Nom.Sing;_;_;_;_
республика;2466;_;N.Fem.Inan;A2;LM;1;республики;Gen.Sing;_;_;_;_
республика;2467;_;N.Fem.Inan;A2;LM;2;республике;Loc.Sing;_;_;_;_
республика;2468;_;N.Fem.Inan;A2;LM;3;республика;Nom.Sing;_;_;_;_
решать;2469;_;V;A2;Golosa, MiP, LM;1;решать;Inf;_;_;_;_
решать;2470;_;V;A2;Golosa, MiP, LM;2;решает;Sing.3.Pres/Fut;_;_;_;_
решать;2471;_;V;A2;Golosa, MiP, LM;3;решают;Plur.3.Pres/Fut;_;_;_;_
решить;2472;_;V;A2;MiP;1;решил;Masc.Sing.Past;_;_;_;_
решить;2473;_;V;A2;MiP;2;решили;Plur.Past;_;_;_;_
решить;2474;_;V;A2;MiP;3;решила;Fem.Sing.Past;_;_;_;_
рисовать;2475;_;V;A2;LM;1;рисует;Sing.3.Pres/Fut;_;_;_;_
рисовать;2476;_;V;A2;LM;2;рисовал;Masc.Sing.Past;_;_;_;_
рисовать;2477;_;V;A2;LM;3;рисовать;Inf;_;_;_;_
родина;2478;_;N.Fem.Inan;A2;Golosa, LM;1;родину;Acc.Sing;_;_;_;_
родина;2479;_;N.Fem.Inan;A2;Golosa, LM;2;родины;Gen.Sing;_;_;_;_
родина;2480;_;N.Fem.Inan;A2;Golosa, LM;3;родина;Nom.Sing;_;_;_;_
родитель;2481;_;N.Masc.Anim;A2;LM;1;родители;Nom.Plur;_;_;_;_
родитель;2482;_;N.Masc.Anim;A2;LM;2;родителей;Gen.Plur;_;_;_;_
родитель;2483;_;N.Masc.Anim;A2;LM;3;родителями;Ins.Plur;_;_;_;_
родиться;2484;_;V;A2;Golosa, LM;1;родился;Masc.Sing.Past;_;_;_;_
родиться;2485;_;V;A2;Golosa, LM;2;родилась;Fem.Sing.Past;_;_;_;_
родиться;2486;_;V;A2;Golosa, LM;3;родились;Plur.Past;_;_;_;_
роль;2487;_;N.Fem.Inan;A2;LM;1;роль;Acc.Sing;_;_;_;_
роль;2488;_;N.Fem.Inan;A2;LM;2;роли;Loc.Sing;_;_;_;_
роль;2489;_;N.Fem.Inan;A2;LM;3;ролей;Gen.Plur;_;_;_;_
рынок;2490;_;N.Masc.Inan;A2;Golosa, MiP, LM;1;рынке;Loc.Sing;_;_;_;_
рынок;2491;_;N.Masc.Inan;A2;Golosa, MiP, LM;2;рынка;Gen.Sing;_;_;_;_
рынок;2492;_;N.Masc.Inan;A2;Golosa, MiP, LM;3;рынок;Nom.Sing;_;_;_;_
ряд;2493;_;N.Masc.Inan;A2;Golosa, MiP, LM;1;ряд;Acc.Sing;_;_;_;_
ряд;2494;_;N.Masc.Inan;A2;Golosa, MiP, LM;2;ряда;Gen.Sing;_;_;_;_
ряд;2495;_;N.Masc.Inan;A2;Golosa, MiP, LM;3;ряде;Loc.Sing;_;_;_;_
садиться;2496;_;V;A2;Golosa, MiP, LM;1;садится;Sing.3.Pres/Fut;_;_;_;_
садиться;2497;_;V;A2;Golosa, MiP, LM;2;садиться;Inf;_;_;_;_
садиться;2498;_;V;A2;Golosa, MiP, LM;3;садился;Masc.Sing.Past;_;_;_;_
сантиметр;2499;_;N.Masc.Inan;A2;LM;1;см;Gen.Plur;_;_;_;_
сантиметр;2500;_;N.Masc.Inan;A2;LM;2;сантиметров;Gen.Plur;_;_;_;_
сантиметр;2501;_;N.Masc.Inan;A2;LM;3;сантиметра;Gen.Sing;_;_;_;_
сапог;2502;_;N.Masc.Inan;A2;LM;1;сапоги;Acc.Plur;_;_;_;_
сапог;2503;_;N.Masc.Inan;A2;LM;2;сапогах;Loc.Plur;_;_;_;_
сапог;2504;_;N.Masc.Inan;A2;LM;3;сапогам;Dat.Plur;_;_;_;_
светлый;2505;_;A;A2;LM;1;светлых;Gen.Plur;_;_;_;_
светлый;2506;_;A;A2;LM;2;светлые;Nom.Plur;_;_;_;_
светлый;2507;_;A;A2;LM;3;светлую;Acc.Fem.Sing;_;_;_;_
сдавать;2508;_;V;A2;LM;1;сдавать;Inf;_;_;_;_
сдавать;2509;_;V;A2;LM;2;сдавали;Plur.Past;_;_;_;_
сдавать;2510;_;V;A2;LM;3;сдавал;Masc.Sing.Past;_;_;_;_
север;2511;_;N.Masc.Inan;A2;Golosa, MiP, LM;1;севере;Loc.Sing;_;_;_;_
север;2512;_;N.Masc.Inan;A2;Golosa, MiP, LM;2;север;Acc.Sing;_;_;_;_
север;2513;_;N.Masc.Inan;A2;Golosa, MiP, LM;3;северу;Dat.Sing;_;_;_;_
секретарь;2514;_;N.Masc.Anim;A2;Golosa, MiP, LM;1;секретарь;Nom.Sing;_;_;_;_
секретарь;2515;_;N.Masc.Anim;A2;Golosa, MiP, LM;2;секретаря;Gen.Sing;_;_;_;_
секретарь;2516;_;N.Masc.Anim;A2;Golosa, MiP, LM;3;секретарём;Ins.Sing;_;_;_;_
сердце;2517;_;N.Neut.Inan;A2;Golosa, LM;1;сердце;Acc.Sing;_;_;_;_
сердце;2518;_;N.Neut.Inan;A2;Golosa, LM;2;сердца;Gen.Sing;_;_;_;_
сердце;2519;_;N.Neut.Inan;A2;Golosa, LM;3;сердцем;Ins.Sing;_;_;_;_
сесть;2520;_;V;A2;MiP;1;сел;Masc.Sing.Past;_;_;_;_
сесть;2521;_;V;A2;MiP;2;села;Fem.Sing.Past;_;_;_;_
сесть;2522;_;V;A2;MiP;3;сесть;Inf;_;_;_;_
сигарета;2523;_;N.Fem.Inan;A2;LM;1;сигарету;Acc.Sing;_;_;_;_
сигарета;2524;_;N.Fem.Inan;A2;LM;2;сигареты;Acc.Plur;_;_;_;_
сигарета;2525;_;N.Fem.Inan;A2;LM;3;сигарет;Gen.Plur;_;_;_;_
симпатичный;2526;_;A;A2;Golosa, MiP, LM;1;симпатичный;Nom.Masc.Sing;_;_;_;_
симпатичный;2527;_;A;A2;Golosa, MiP, LM;2;симпатичен;Masc.Sing;_;_;_;_
симпатичный;2528;_;A;A2;Golosa, MiP, LM;3;симпатичная;Nom.Fem.Sing;_;_;_;_
система;2529;_;N.Fem.Inan;A2;Golosa, LM;1;системы;Gen.Sing;_;_;_;_
система;2530;_;N.Fem.Inan;A2;Golosa, LM;2;систем;Gen.Plur;_;_;_;_
система;2531;_;N.Fem.Inan;A2;Golosa, LM;3;система;Nom.Sing;_;_;_;_
сказка;2532;_;N.Fem.Inan;A2;Golosa, MiP, LM;1;сказка;Nom.Sing;_;_;_;_
сказка;2533;_;N.Fem.Inan;A2;Golosa, MiP, LM;2;сказок;Gen.Plur;_;_;_;_
сказка;2534;_;N.Fem.Inan;A2;Golosa, MiP, LM;3;сказки;Gen.Sing;_;_;_;_
скрипка;2535;_;N.Fem.Inan;A2;Golosa, MiP, LM;1;скрипке;Loc.Sing;_;_;_;_
скрипка;2536;_;N.Fem.Inan;A2;Golosa, MiP, LM;2;скрипки;Gen.Sing;_;_;_;_
скрипка;2537;_;N.Fem.Inan;A2;Golosa, MiP, LM;3;скрипок;Gen.Plur;_;_;_;_
сладкий;2538;_;A;A2;LM;1;сладкий;Inan.Acc.Masc.Sing;_;_;_;_
сладкий;2539;_;A;A2;LM;2;сладкая;Nom.Fem.Sing;_;_;_;_
сладкий;2540;_;A;A2;LM;3;сладких;Gen.Plur;_;_;_;_
сложный;2541;_;A;A2;Golosa, LM;1;сложно;Neut.Sing;_;_;_;_
сложный;2542;_;A;A2;Golosa, LM;2;сложнее;Comp;_;_;_;_
сложный;2543;_;A;A2;Golosa, LM;3;сложные;Nom.Plur;_;_;_;_
случай;2544;_;N.Masc.Inan;A2;LM;1;случае;Loc.Sing;_;_;_;_
случай;2545;_;N.Masc.Inan;A2;LM;2;случаях;Loc.Plur;_;_;_;_
случай;2546;_;N.Masc.Inan;A2;LM;3;случаев;Gen.Plur;_;_;_;_
случаться;2547;_;V;A2;LM;1;случаются;Plur.3.Pres/Fut;_;_;_;_
случаться;2548;_;V;A2;LM;2;случается;Sing.3.Pres/Fut;_;_;_;_
случаться;2549;_;V;A2;LM;3;случалось;Neut.Sing.Past;_;_;_;_
случиться;2550;_;V;A2;Golosa;1;случилось;Neut.Sing.Past;_;_;_;_
случиться;2551;_;V;A2;Golosa;2;случится;Sing.3.Pres/Fut;_;_;_;_
случиться;2552;_;V;A2;Golosa;3;случиться;Inf;_;_;_;_
слушать;2553;_;V;A2;Golosa, MiP, LM;1;слушать;Inf;_;_;_;_
слушать;2554;_;V;A2;Golosa, MiP, LM;2;слушай;Imper.Sing.2;_;_;_;_
слушать;2555;_;V;A2;Golosa, MiP, LM;3;слушала;Fem.Sing.Past;_;_;_;_
слышать;2556;_;V;A2;Golosa, MiP, LM;1;слышал;Masc.Sing.Past;_;_;_;_
слышать;2557;_;V;A2;Golosa, MiP, LM;2;слышали;Plur.Past;_;_;_;_
слышать;2558;_;V;A2;Golosa, MiP, LM;3;слышала;Fem.Sing.Past;_;_;_;_
смешной;2559;_;A;A2;Golosa, LM;1;смешно;Neut.Sing;_;_;_;_
смешной;2560;_;A;A2;Golosa, LM;2;смешное;Nom.Neut.Sing;_;_;_;_
смешной;2561;_;A;A2;Golosa, LM;3;смешной;Nom.Masc.Sing;_;_;_;_
смеяться;2562;_;V;A2;MiP, LM;1;смеются;Plur.3.Pres/Fut;_;_;_;_
смеяться;2563;_;V;A2;MiP, LM;2;смеётся;Sing.3.Pres/Fut;_;_;_;_
смеяться;2564;_;V;A2;MiP, LM;3;смеялись;Plur.Past;_;_;_;_
собирать;2565;_;V;A2;Golosa, MiP, LM;1;собирать;Inf;_;_;_;_
собирать;2566;_;V;A2;Golosa, MiP, LM;2;собирают;Plur.3.Pres/Fut;_;_;_;_
собирать;2567;_;V;A2;Golosa, MiP, LM;3;собирали;Plur.Past;_;_;_;_
собор;2568;_;N.Masc.Inan;A2;LM;1;собора;Gen.Sing;_;_;_;_
собор;2569;_;N.Masc.Inan;A2;LM;2;соборов;Gen.Plur;_;_;_;_
собор;2570;_;N.Masc.Inan;A2;LM;3;собор;Nom.Sing;_;_;_;_
собрание;2571;_;N.Neut.Inan;A2;LM;1;собрание;Nom.Sing;_;_;_;_
собрание;2572;_;N.Neut.Inan;A2;LM;2;собрания;Gen.Sing;_;_;_;_
собрание;2573;_;N.Neut.Inan;A2;LM;3;собрании;Loc.Sing;_;_;_;_
собрать;2574;_;V;A2;MiP;1;собрать;Inf;_;_;_;_
собрать;2575;_;V;A2;MiP;2;собрал;Masc.Sing.Past;_;_;_;_
собрать;2576;_;A;A2;MiP;3;собраны;Plur;_;_;_;_
совет;2577;_;N.Masc.Inan;A2;LM;1;совета;Gen.Sing;_;_;_;_
совет;2578;_;N.Masc.Inan;A2;LM;2;совет;Nom.Sing;_;_;_;_
совет;2579;_;N.Masc.Inan;A2;LM;3;советы;Acc.Plur;_;_;_;_
советовать;2580;_;V;A2;Golosa, LM;1;советую;Sing.1.Pres/Fut;_;_;_;_
советовать;2581;_;V;A2;Golosa, LM;2;советуют;Plur.3.Pres/Fut;_;_;_;_
советовать;2582;_;V;A2;Golosa, LM;3;советовал;Masc.Sing.Past;_;_;_;_
сожаление;2583;_;N.Neut.Inan;A2;MiP, LM;1;сожалению;Dat.Sing;_;_;_;_
сообщать;2584;_;V;A2;LM;1;сообщает;Sing.3.Pres/Fut;_;_;_;_
сообщать;2585;_;V;A2;LM;2;сообщать;Inf;_;_;_;_
сообщать;2586;_;V;A2;LM;3;сообщала;Fem.Sing.Past;_;_;_;_
сообщение;2587;_;N.Neut.Inan;A2;Golosa, LM;1;сообщения;Gen.Sing;_;_;_;_
сообщение;2588;_;N.Neut.Inan;A2;Golosa, LM;2;сообщение;Nom.Sing;_;_;_;_
сообщение;2589;_;N.Neut.Inan;A2;Golosa, LM;3;сообщении;Loc.Sing;_;_;_;_
соседний;2590;_;A;A2;LM;1;соседних;Gen.Plur;_;_;_;_
соседний;2591;_;A;A2;LM;2;соседнем;Loc.Masc.Sing;_;_;_;_
соседний;2592;_;A;A2;LM;3;соседние;Inan.Acc.Plur;_;_;_;_
специалист;2593;_;N.Masc.Anim;A2;LM;1;специалистов;Gen.Plur;_;_;_;_
специалист;2594;_;N.Masc.Anim;A2;LM;2;специалисты;Nom.Plur;_;_;_;_
специалист;2595;_;N.Masc.Anim;A2;LM;3;специалист;Nom.Sing;_;_;_;_
спичка;2596;_;N.Fem.Inan;A2;LM;1;спички;Acc.Plur;_;_;_;_
спичка;2597;_;N.Fem.Inan;A2;LM;2;спичек;Gen.Plur;_;_;_;_
спичка;2598;_;N.Fem.Inan;A2;LM;3;спичку;Acc.Sing;_;_;_;_
спортивный;2599;_;A;A2;Golosa, MiP, LM;1;спортивных;Gen.Plur;_;_;_;_
спортивный;2600;_;A;A2;Golosa, MiP, LM;2;спортивный;Nom.Masc.Sing;_;_;_;_
спортивный;2601;_;A;A2;Golosa, MiP, LM;3;спортивные;Nom.Plur;_;_;_;_
спортсмен;2602;_;N.Masc.Anim;A2;Golosa, LM;1;спортсменов;Gen.Plur;_;_;_;_
спортсмен;2603;_;N.Masc.Anim;A2;Golosa, LM;2;спортсмены;Nom.Plur;_;_;_;_
спортсмен;2604;_;N.Masc.Anim;A2;Golosa, LM;3;спортсменам;Dat.Plur;_;_;_;_
средний;2605;_;A;A2;LM;1;среднего;Gen.Masc.Sing;_;_;_;_
средний;2606;_;A;A2;LM;2;средний;Nom.Masc.Sing;_;_;_;_
средний;2607;_;A;A2;LM;3;средних;Gen.Plur;_;_;_;_
ставить;2608;_;V;A2;Golosa, LM;1;ставить;Inf;_;_;_;_
ставить;2609;_;V;A2;Golosa, LM;2;ставит;Sing.3.Pres/Fut;_;_;_;_
ставить;2610;_;V;A2;Golosa, LM;3;ставят;Plur.3.Pres/Fut;_;_;_;_
стакан;2611;_;N.Masc.Inan;A2;Golosa, MiP, LM, Кс;1;стакан;Acc.Sing;_;_;_;_
стакан;2612;_;N.Masc.Inan;A2;Golosa, MiP, LM, Кс;2;стакана;Gen.Sing;_;_;_;_
стакан;2613;_;N.Masc.Inan;A2;Golosa, MiP, LM, Кс;3;стаканы;Acc.Plur;_;_;_;_
старость;2614;_;N.Fem.Inan;A2;LM;1;старости;Gen.Sing;_;_;_;_
старость;2615;_;N.Fem.Inan;A2;LM;2;старость;Nom.Sing;_;_;_;_
строитель;2616;_;N.Masc.Anim;A2;LM;1;строителей;Gen.Plur;_;_;_;_
строитель;2617;_;N.Masc.Anim;A2;LM;2;строители;Nom.Plur;_;_;_;_
строитель;2618;_;N.Masc.Anim;A2;LM;3;строителям;Dat.Plur;_;_;_;_
суметь;2619;_;V;A2;LM;1;сумел;Masc.Sing.Past;_;_;_;_
суметь;2620;_;V;A2;LM;2;сумели;Plur.Past;_;_;_;_
суметь;2621;_;V;A2;LM;3;сумела;Fem.Sing.Past;_;_;_;_
сутки;2622;_;N.Inan;A2;LM;1;сутки;Acc.Plur;_;_;_;_
сутки;2623;_;N.Inan;A2;LM;2;суток;Gen.Plur;_;_;_;_
сутки;2624;_;N.Inan;A2;LM;3;сутками;Ins.Plur;_;_;_;_
талант;2625;_;N.Masc.Inan;A2;Golosa, LM;1;талант;Nom.Sing;_;_;_;_
талант;2626;_;N.Masc.Inan;A2;Golosa, LM;2;талантов;Gen.Plur;_;_;_;_
талант;2627;_;N.Masc.Inan;A2;Golosa, LM;3;таланта;Gen.Sing;_;_;_;_
танец;2628;_;N.Masc.Inan;A2;LM;1;танцы;Nom.Plur;_;_;_;_
танец;2629;_;N.Masc.Inan;A2;LM;2;танцев;Gen.Plur;_;_;_;_
танец;2630;_;N.Masc.Inan;A2;LM;3;танец;Acc.Sing;_;_;_;_
тарелка;2631;_;N.Fem.Inan;A2;Golosa, MiP, LM;1;тарелку;Acc.Sing;_;_;_;_
тарелка;2632;_;N.Fem.Inan;A2;Golosa, MiP, LM;2;тарелки;Nom.Plur;_;_;_;_
тарелка;2633;_;N.Fem.Inan;A2;Golosa, MiP, LM;3;тарелок;Gen.Plur;_;_;_;_
твердый;2634;_;A;A2;LM;1;твёрдая;Nom.Fem.Sing;_;_;_;_
твердый;2635;_;A;A2;LM;2;твёрдые;Nom.Plur;_;_;_;_
твердый;2636;_;A;A2;LM;3;твёрдую;Acc.Fem.Sing;_;_;_;_
тело;2637;_;N.Neut.Inan;A2;Golosa, LM;1;тела;Gen.Sing;_;_;_;_
тело;2638;_;N.Neut.Inan;A2;Golosa, LM;2;тело;Nom.Sing;_;_;_;_
тело;2639;_;N.Neut.Inan;A2;Golosa, LM;3;телом;Ins.Sing;_;_;_;_
темный;2640;_;A;A2;MiP, LM;1;темно;Neut.Sing;_;_;_;_
темный;2641;_;A;A2;MiP, LM;2;тёмных;Gen.Plur;_;_;_;_
темный;2642;_;A;A2;MiP, LM;3;тёмные;Nom.Plur;_;_;_;_
теплый;2643;_;A;A2;MiP, LM;1;тёплой;Ins.Fem.Sing;_;_;_;_
теплый;2644;_;A;A2;MiP, LM;2;тёплый;Nom.Masc.Sing;_;_;_;_
теплый;2645;_;A;A2;MiP, LM;3;теплее;Comp;_;_;_;_
территория;2646;_;N.Fem.Inan;A2;LM;1;территории;Loc.Sing;_;_;_;_
территория;2647;_;N.Fem.Inan;A2;LM;2;территорий;Gen.Plur;_;_;_;_
территория;2648;_;N.Fem.Inan;A2;LM;3;территорию;Acc.Sing;_;_;_;_
терять;2649;_;V;A2;Golosa, LM;1;теряет;Sing.3.Pres/Fut;_;_;_;_
терять;2650;_;V;A2;Golosa, LM;2;терять;Inf;_;_;_;_
терять;2651;_;V;A2;Golosa, LM;3;теряют;Plur.3.Pres/Fut;_;_;_;_
торт;2652;_;N.Masc.Inan;A2;Golosa, LM, Кс;1;торт;Acc.Sing;_;_;_;_
торт;2653;_;N.Masc.Inan;A2;Golosa, LM, Кс;2;тортом;Ins.Sing;_;_;_;_
торт;2654;_;N.Masc.Inan;A2;Golosa, LM, Кс;3;торта;Gen.Sing;_;_;_;_
точка;2655;_;N.Fem.Inan;A2;Golosa, LM;1;точки;Gen.Sing;_;_;_;_
точка;2656;_;N.Fem.Inan;A2;Golosa, LM;2;точку;Acc.Sing;_;_;_;_
точка;2657;_;N.Fem.Inan;A2;Golosa, LM;3;точка;Nom.Sing;_;_;_;_
тратить;2658;_;V;A2;MiP, LM;1;тратить;Inf;_;_;_;_
тратить;2659;_;V;A2;MiP, LM;2;тратят;Plur.3.Pres/Fut;_;_;_;_
тратить;2660;_;V;A2;MiP, LM;3;тратит;Sing.3.Pres/Fut;_;_;_;_
труд;2661;_;N.Masc.Inan;A2;Golosa, LM;1;труда;Gen.Sing;_;_;_;_
труд;2662;_;N.Masc.Inan;A2;Golosa, LM;2;трудом;Ins.Sing;_;_;_;_
труд;2663;_;N.Masc.Inan;A2;Golosa, LM;3;труд;Acc.Sing;_;_;_;_
туфля;2664;_;N.Fem.Inan;A2;LM;1;туфли;Nom.Plur;_;_;_;_
туфля;2665;_;N.Fem.Inan;A2;LM;2;туфлями;Ins.Plur;_;_;_;_
туфля;2666;_;N.Fem.Inan;A2;LM;3;туфель;Gen.Plur;_;_;_;_
тяжелый;2667;_;A;A2;MiP, LM;1;тяжело;Neut.Sing;_;_;_;_
тяжелый;2668;_;A;A2;MiP, LM;2;тяжёлая;Nom.Fem.Sing;_;_;_;_
тяжелый;2669;_;A;A2;MiP, LM;3;тяжёлых;Gen.Plur;_;_;_;_
убивать;2670;_;V;A2;LM;1;убивать;Inf;_;_;_;_
убивать;2671;_;V;A2;LM;2;убивает;Sing.3.Pres/Fut;_;_;_;_
убивать;2672;_;V;A2;LM;3;убивают;Plur.3.Pres/Fut;_;_;_;_
уважаемый;2673;_;A;A2;LM;1;уважаемые;Nom.Plur;_;_;_;_
уважаемый;2674;_;A;A2;LM;2;уважаемый;Nom.Masc.Sing;_;_;_;_
уважаемый;2675;_;A;A2;LM;3;уважаемых;Gen.Plur;_;_;_;_
уважать;2676;_;V;A2;LM;1;уважать;Inf;_;_;_;_
уважать;2677;_;V;A2;LM;2;уважают;Plur.3.Pres/Fut;_;_;_;_
уважать;2678;_;V;A2;LM;3;уважаю;Sing.1.Pres/Fut;_;_;_;_
уверенный;2679;_;A;A2;LM;1;уверен;Masc.Sing;_;_;_;_
уверенный;2680;_;A;A2;LM;2;уверены;Plur;_;_;_;_
уверенный;2681;_;A;A2;LM;3;уверена;Fem.Sing;_;_;_;_
удивительный;2682;_;A;A2;LM;1;удивительного;Gen.Neut.Sing;_;_;_;_
удивительный;2683;_;A;A2;LM;2;удивительно;Neut.Sing;_;_;_;_
удивительный;2684;_;A;A2;LM;3;удивительная;Nom.Fem.Sing;_;_;_;_
удобный;2685;_;A;A2;LM;1;удобно;Neut.Sing;_;_;_;_
удобный;2686;_;A;A2;LM;2;удобнее;Comp;_;_;_;_
удобный;2687;_;A;A2;LM;3;удобном;Loc.Masc.Sing;_;_;_;_
уезжать;2688;_;V;A2;Golosa, MiP, LM;1;уезжать;Inf;_;_;_;_
уезжать;2689;_;V;A2;Golosa, MiP, LM;2;уезжают;Plur.3.Pres/Fut;_;_;_;_
уезжать;2690;_;V;A2;Golosa, MiP, LM;3;уезжала;Fem.Sing.Past;_;_;_;_
уехать;2691;_;V;A2;MiP;1;уехал;Masc.Sing.Past;_;_;_;_
уехать;2692;_;V;A2;MiP;2;уехать;Inf;_;_;_;_
уехать;2693;_;V;A2;MiP;3;уехали;Plur.Past;_;_;_;_
узкий;2694;_;A;A2;Golosa, LM;1;узкие;Nom.Plur;_;_;_;_
узкий;2695;_;A;A2;Golosa, LM;2;узкую;Acc.Fem.Sing;_;_;_;_
узкий;2696;_;A;A2;Golosa, LM;3;узком;Loc.Masc.Sing;_;_;_;_
узнавать;2697;_;V;A2;Golosa, LM;1;узнаёт;Sing.3.Pres/Fut;_;_;_;_
узнавать;2698;_;V;A2;Golosa, LM;2;узнавать;Inf;_;_;_;_
узнавать;2699;_;V;A2;Golosa, LM;3;узнавал;Masc.Sing.Past;_;_;_;_
уйти;2700;_;V;A2;MiP;1;ушёл;Masc.Sing.Past;_;_;_;_
уйти;2701;_;V;A2;MiP;2;ушла;Fem.Sing.Past;_;_;_;_
уйти;2702;_;V;A2;MiP;3;ушли;Plur.Past;_;_;_;_
улыбаться;2703;_;V;A2;MiP, LM;1;улыбаясь;Pres/Fut;_;_;_;_
улыбаться;2704;_;V;A2;MiP, LM;2;улыбается;Sing.3.Pres/Fut;_;_;_;_
улыбаться;2705;_;V;A2;MiP, LM;3;улыбался;Masc.Sing.Past;_;_;_;_
улыбнуться;2706;_;V;A2;MiP;1;улыбнулся;Masc.Sing.Past;_;_;_;_
улыбнуться;2707;_;V;A2;MiP;2;улыбнулась;Fem.Sing.Past;_;_;_;_
улыбнуться;2708;_;V;A2;MiP;3;улыбнуться;Inf;_;_;_;_
ум;2709;_;N.Masc.Inan;A2;LM;1;ума;Gen.Sing;_;_;_;_
ум;2710;_;N.Masc.Inan;A2;LM;2;ум;Nom.Sing;_;_;_;_
ум;2711;_;N.Masc.Inan;A2;LM;3;умом;Ins.Sing;_;_;_;_
уметь;2712;_;V;A2;Golosa, LM;1;умеет;Sing.3.Pres/Fut;_;_;_;_
уметь;2713;_;V;A2;Golosa, LM;2;умеют;Plur.3.Pres/Fut;_;_;_;_
уметь;2714;_;V;A2;Golosa, LM;3;умею;Sing.1.Pres/Fut;_;_;_;_
упасть;2715;_;V;A2;LM;1;упал;Masc.Sing.Past;_;_;_;_
упасть;2716;_;V;A2;LM;2;упала;Fem.Sing.Past;_;_;_;_
упасть;2717;_;V;A2;LM;3;упасть;Inf;_;_;_;_
услышать;2718;_;V;A2;Golosa, MiP, LM;1;услышал;Masc.Sing.Past;_;_;_;_
услышать;2719;_;V;A2;Golosa, MiP, LM;2;услышать;Inf;_;_;_;_
услышать;2720;_;V;A2;Golosa, MiP, LM;3;услышали;Plur.Past;_;_;_;_
успех;2721;_;N.Masc.Inan;A2;MiP, LM;1;успеха;Gen.Sing;_;_;_;_
успех;2722;_;N.Masc.Inan;A2;MiP, LM;2;успех;Nom.Sing;_;_;_;_
успех;2723;_;N.Masc.Inan;A2;MiP, LM;3;успехом;Ins.Sing;_;_;_;_
устав;2724;_;N.Masc.Inan;A2;LM;1;устав;Acc.Sing;_;_;_;_
устав;2725;_;N.Masc.Inan;A2;LM;2;уставе;Loc.Sing;_;_;_;_
устав;2726;_;N.Masc.Inan;A2;LM;3;уставом;Ins.Sing;_;_;_;_
ухо;2727;_;N.Neut.Inan;A2;Golosa, LM;1;уши;Acc.Plur;_;_;_;_
ухо;2728;_;N.Neut.Inan;A2;Golosa, LM;2;ухо;Acc.Sing;_;_;_;_
ухо;2729;_;N.Neut.Inan;A2;Golosa, LM;3;ушей;Gen.Plur;_;_;_;_
уходить;2730;_;V;A2;Golosa, MiP, LM;1;уходит;Sing.3.Pres/Fut;_;_;_;_
уходить;2731;_;V;A2;Golosa, MiP, LM;2;уходят;Plur.3.Pres/Fut;_;_;_;_
уходить;2732;_;V;A2;Golosa, MiP, LM;3;уходить;Inf;_;_;_;_
участвовать;2733;_;V;A2;LM;1;участвовать;Inf;_;_;_;_
участвовать;2734;_;V;A2;LM;2;участвовал;Masc.Sing.Past;_;_;_;_
участвовать;2735;_;V;A2;LM;3;участвовали;Plur.Past;_;_;_;_
учебный;2736;_;A;A2;Golosa, LM;1;учебной;Gen.Fem.Sing;_;_;_;_
учебный;2737;_;A;A2;Golosa, LM;2;учебного;Gen.Masc.Sing;_;_;_;_
учебный;2738;_;A;A2;Golosa, LM;3;учебных;Loc.Plur;_;_;_;_
фестиваль;2739;_;N.Masc.Inan;A2;LM;1;фестиваля;Gen.Sing;_;_;_;_
фестиваль;2740;_;N.Masc.Inan;A2;LM;2;фестивале;Loc.Sing;_;_;_;_
фестиваль;2741;_;N.Masc.Inan;A2;LM;3;фестиваль;Nom.Sing;_;_;_;_
фонтан;2742;_;N.Masc.Inan;A2;LM;1;фонтаны;Acc.Plur;_;_;_;_
фонтан;2743;_;N.Masc.Inan;A2;LM;2;фонтаном;Ins.Sing;_;_;_;_
фонтан;2744;_;N.Masc.Inan;A2;LM;3;фонтан;Acc.Sing;_;_;_;_
хирург;2745;_;N.Masc.Anim;A2;LM;1;хирург;Nom.Sing;_;_;_;_
хирург;2746;_;N.Masc.Anim;A2;LM;2;хирурга;Gen.Sing;_;_;_;_
хирург;2747;_;N.Masc.Anim;A2;LM;3;хирурги;Nom.Plur;_;_;_;_
хор;2748;_;N.Masc.Inan;A2;LM;1;хором;Ins.Sing;_;_;_;_
хор;2749;_;N.Masc.Inan;A2;LM;2;хор;Nom.Sing;_;_;_;_
хор;2750;_;N.Masc.Inan;A2;LM;3;хоры;Nom.Plur;_;_;_;_
царь;2751;_;N.Masc.Anim;A2;Golosa, LM;1;царь;Nom.Sing;_;_;_;_
царь;2752;_;N.Masc.Anim;A2;Golosa, LM;2;царя;Gen.Sing;_;_;_;_
царь;2753;_;N.Masc.Anim;A2;Golosa, LM;3;царём;Ins.Sing;_;_;_;_
цветной;2754;_;A;A2;Golosa, LM;1;цветной;Nom.Masc.Sing;_;_;_;_
цветной;2755;_;A;A2;Golosa, LM;2;цветных;Gen.Plur;_;_;_;_
цветной;2756;_;A;A2;Golosa, LM;3;цветные;Nom.Plur;_;_;_;_
целовать;2757;_;V;A2;MiP, LM;1;целует;Sing.3.Pres/Fut;_;_;_;_
целовать;2758;_;V;A2;MiP, LM;2;целую;Sing.1.Pres/Fut;_;_;_;_
целовать;2759;_;V;A2;MiP, LM;3;целовал;Masc.Sing.Past;_;_;_;_
целый;2760;_;A;A2;LM;1;целый;Inan.Acc.Masc.Sing;_;_;_;_
целый;2761;_;A;A2;LM;2;целая;Nom.Fem.Sing;_;_;_;_
целый;2762;_;A;A2;LM;3;целую;Acc.Fem.Sing;_;_;_;_
ценить;2763;_;V;A2;Golosa, LM;1;ценят;Plur.3.Pres/Fut;_;_;_;_
ценить;2764;_;V;A2;Golosa, LM;2;ценю;Sing.1.Pres/Fut;_;_;_;_
ценить;2765;_;V;A2;Golosa, LM;3;ценить;Inf;_;_;_;_
центральный;2766;_;A;A2;Golosa, LM;1;центрального;Gen.Masc.Sing;_;_;_;_
центральный;2767;_;A;A2;Golosa, LM;2;центральной;Gen.Fem.Sing;_;_;_;_
центральный;2768;_;A;A2;Golosa, LM;3;центральная;Nom.Fem.Sing;_;_;_;_
черт;2769;_;N.Masc.Anim;A2;MiP, LM;1;чёрт;Nom.Sing;_;_;_;_
черт;2770;_;N.Masc.Anim;A2;MiP, LM;2;чертей;Gen.Plur;_;_;_;_
черт;2771;_;N.Masc.Anim;A2;MiP, LM;3;чёрту;Dat.Sing;_;_;_;_
честный;2772;_;A;A2;LM, Кс;1;честное;Nom.Neut.Sing;_;_;_;_
честный;2773;_;A;A2;LM, Кс;2;честные;Nom.Plur;_;_;_;_
честный;2774;_;A;A2;LM, Кс;3;честных;Gen.Plur;_;_;_;_
чистый;2775;_;A;A2;LM;1;чистый;Nom.Masc.Sing;_;_;_;_
чистый;2776;_;A;A2;LM;2;чистую;Acc.Fem.Sing;_;_;_;_
чистый;2777;_;A;A2;LM;3;чистой;Ins.Fem.Sing;_;_;_;_
читатель;2778;_;N.Masc.Anim;A2;LM;1;читатель;Nom.Sing;_;_;_;_
читатель;2779;_;N.Masc.Anim;A2;LM;2;читателей;Gen.Plur;_;_;_;_
читатель;2780;_;N.Masc.Anim;A2;LM;3;читателя;Gen.Sing;_;_;_;_
чтение;2781;_;N.Neut.Inan;A2;LM;1;чтении;Loc.Sing;_;_;_;_
чтение;2782;_;N.Neut.Inan;A2;LM;2;чтения;Gen.Sing;_;_;_;_
чтение;2783;_;N.Neut.Inan;A2;LM;3;чтение;Nom.Sing;_;_;_;_
чувство;2784;_;N.Neut.Inan;A2;Golosa, MiP, LM;1;чувство;Nom.Sing;_;_;_;_
чувство;2785;_;N.Neut.Inan;A2;Golosa, MiP, LM;2;чувств;Gen.Plur;_;_;_;_
чувство;2786;_;N.Neut.Inan;A2;Golosa, MiP, LM;3;чувства;Gen.Sing;_;_;_;_
шапка;2787;_;N.Fem.Inan;A2;Golosa, MiP, LM, Поехали;1;шапку;Acc.Sing;_;_;_;_
шапка;2788;_;N.Fem.Inan;A2;Golosa, MiP, LM, Поехали;2;шапки;Gen.Sing;_;_;_;_
шапка;2789;_;N.Fem.Inan;A2;Golosa, MiP, LM, Поехали;3;шапка;Nom.Sing;_;_;_;_
шахматы;2790;_;N.Inan;A2;Golosa, LM;1;шахматы;Acc.Plur;_;_;_;_
шахматы;2791;_;N.Inan;A2;Golosa, LM;2;шахматам;Dat.Plur;_;_;_;_
шахматы;2792;_;N.Inan;A2;Golosa, LM;3;шахмат;Gen.Plur;_;_;_;_
широкий;2793;_;A;A2;Golosa, MiP, LM;1;широкую;Acc.Fem.Sing;_;_;_;_
широкий;2794;_;A;A2;Golosa, MiP, LM;2;широких;Gen.Plur;_;_;_;_
широкий;2795;_;A;A2;Golosa, MiP, LM;3;широком;Loc.Masc.Sing;_;_;_;_
школьник;2796;_;N.Masc.Anim;A2;Golosa, LM;1;школьников;Gen.Plur;_;_;_;_
школьник;2797;_;N.Masc.Anim;A2;Golosa, LM;2;школьники;Nom.Plur;_;_;_;_
школьник;2798;_;N.Masc.Anim;A2;Golosa, LM;3;школьник;Nom.Sing;_;_;_;_
шоколад;2799;_;N.Masc.Inan;A2;MiP, LM;1;шоколада;Gen.Sing;_;_;_;_
шоколад;2800;_;N.Masc.Inan;A2;MiP, LM;2;шоколад;Acc.Sing;_;_;_;_
шоколад;2801;_;N.Masc.Inan;A2;MiP, LM;3;шоколадом;Ins.Sing;_;_;_;_
шуметь;2802;_;V;A2;LM;1;шумит;Sing.3.Pres/Fut;_;_;_;_
шуметь;2803;_;V;A2;LM;2;шумел;Masc.Sing.Past;_;_;_;_
шуметь;2804;_;V;A2;LM;3;шумят;Plur.3.Pres/Fut;_;_;_;_
шутить;2805;_;V;A2;LM;1;шутить;Inf;_;_;_;_
шутить;2806;_;V;A2;LM;2;шутят;Plur.3.Pres/Fut;_;_;_;_
шутить;2807;_;V;A2;LM;3;шучу;Sing.1.Pres/Fut;_;_;_;_
шутка;2808;_;N.Fem.Inan;A2;LM;1;шутка;Nom.Sing;_;_;_;_
шутка;2809;_;N.Fem.Inan;A2;LM;2;шутки;Nom.Plur;_;_;_;_
шутка;2810;_;N.Fem.Inan;A2;LM;3;шутку;Acc.Sing;_;_;_;_
щи;2811;_;N.Inan;A2;Golosa, LM;1;щей;Gen.Plur;_;_;_;_
щи;2812;_;N.Inan;A2;Golosa, LM;2;щи;Nom.Plur;_;_;_;_
щи;2813;_;N.Inan;A2;Golosa, LM;3;щами;Ins.Plur;_;_;_;_
энергия;2814;_;N.Fem.Inan;A2;LM;1;энергии;Gen.Sing;_;_;_;_
энергия;2815;_;N.Fem.Inan;A2;LM;2;энергия;Nom.Sing;_;_;_;_
энергия;2816;_;N.Fem.Inan;A2;LM;3;энергию;Acc.Sing;_;_;_;_
юбка;2817;_;N.Fem.Inan;A2;Golosa, LM, Поехали;1;юбке;Loc.Sing;_;_;_;_
юбка;2818;_;N.Fem.Inan;A2;Golosa, LM, Поехали;2;юбку;Acc.Sing;_;_;_;_
юбка;2819;_;N.Fem.Inan;A2;Golosa, LM, Поехали;3;юбкой;Ins.Sing;_;_;_;_
юг;2820;_;N.Masc.Inan;A2;Golosa, LM;1;юге;Loc.Sing;_;_;_;_
юг;2821;_;N.Masc.Inan;A2;Golosa, LM;2;юг;Acc.Sing;_;_;_;_
юг;2822;_;N.Masc.Inan;A2;Golosa, LM;3;юга;Gen.Sing;_;_;_;_
юность;2823;_;N.Fem.Inan;A2;LM;1;юности;Loc.Sing;_;_;_;_
юность;2824;_;N.Fem.Inan;A2;LM;2;юность;Nom.Sing;_;_;_;_
юность;2825;_;N.Fem.Inan;A2;LM;3;юностей;Gen.Plur;_;_;_;_
являться;2826;_;V;A2;LM;1;является;Sing.3.Pres/Fut;_;_;_;_
являться;2827;_;V;A2;LM;2;являются;Plur.3.Pres/Fut;_;_;_;_
являться;2828;_;V;A2;LM;3;являться;Inf;_;_;_;_
ягода;2829;_;N.Fem.Inan;A2;LM;1;ягод;Gen.Plur;_;_;_;_
ягода;2830;_;N.Fem.Inan;A2;LM;2;ягоды;Nom.Plur;_;_;_;_
ягода;2831;_;N.Fem.Inan;A2;LM;3;ягодами;Ins.Plur;_;_;_;_
яркий;2832;_;A;A2;LM;1;ярких;Gen.Plur;_;_;_;_
яркий;2833;_;A;A2;LM;2;яркие;Nom.Plur;_;_;_;_
яркий;2834;_;A;A2;LM;3;яркий;Nom.Masc.Sing;_;_;_;_