Lemma,ID,Eng Gloss,POS,Level,Word source,Ex. ID,Form,Analysis,Example Sentence,Translation,Reference,Topic(s),
год,1,year,N.Masc.Inan,A1,"Golosa, MiP, LM, МН",1,лет,Gen.Plur,Ване двадцать пять лет.,Vanya is 25 years old.,_,"мера, время",
год,2,year,N.Masc.Inan,A1,"Golosa, MiP, LM, МН",2,года,Gen.Sing,Я не был в театре два года. ,I haven't been to the theatre for 2 years.,_,"мера, время",
год,3,year,N.Masc.Inan,A1,"Golosa, MiP, LM, МН",3,году,Loc.Sing,Я родился в 1990 году. ,I was born in 1990.,_,"мера, время",
человек,4,person,N.Masc.Anim,A1,"Golosa, MiP, LM, МН",1,люди,Nom.Plur,"Я не знаю, кто эти люди. ",I don't know who these people are.,_,люди,
человек,5,person,N.Masc.Anim,A1,"Golosa, MiP, LM, МН",2,человек,Nom.Sing,Этот человек хорошо играет в шахматы. ,This person plays chess well.,_,люди,
человек,6,person,N.Masc.Anim,A1,"Golosa, MiP, LM, МН",3,человека,Gen.Sing,Я не знаю этого человека. ,I don't know that person.,_,люди,
брать,7,take,V,A1,"Golosa, MiP, LM, МН, Поехали",1,брать,Imperf.Inf,Он не любит брать деньги в долг. ,He doesn't like to borrow money.,_,"общение, магазин",
брать,8,take,V,A1,"Golosa, MiP, LM, МН, Поехали",2,берёт,Imperf.Sing.3,Она всегда берёт в магазине молоко. ,She always gets milk at the grocery store.,_,"общение, магазин",
брать,9,take,V,A1,"Golosa, MiP, LM, МН, Поехали",3,брали,Imperf.Plur.Past,"Она не была высокой, поэтому её не брали в баскетбольную команду. ","She wasn't tall, so she wasn't chosen for the basketball team.",_,"общение, магазин",
взять,10,take,V,A1,"LM, МН, Поехали",1,взять,Perf.Inf,"На улице дождь, надо взять зонт. ","It's raining outside, we need to take an umbrella.",_,"общение, магазин",
взять,11,take,V,A1,"LM, МН, Поехали",2,взял,Perf.Masc.Sing.Past,"Хорошо, что он взял с собой куртку. На улице холодно. ",Good that he took his coat with him. It's cold outside.,_,"общение, магазин",
взять,12,take,V,A1,"LM, МН, Поехали",3,взяли,Perf.Plur.Past,В Барселону мы взяли самый большой чемодан.,We took the biggest suitcase with us to Barcelona.,_,"общение, магазин",
время,13,time,N.Neut.Inan,A1,"Golosa, MiP, LM, МН",1,время,Acc.Sing,Я не люблю тратить время на покупки.,I don't like to spend time on shopping.,_,время,
время,14,time,N.Neut.Inan,A1,"Golosa, MiP, LM, МН",2,времени,Gen.Sing,У меня мало свободного времени.,I don't have much free time.,_,время,
время,15,time,N.Neut.Inan,A1,"Golosa, MiP, LM, МН",3,временем,Ins.Sing,Со временем ещё больше людей будут жить в городах.,With time more and more people will live in cities.,_,время,
вопрос,16,question,N.Masc.Inan,A1,"Golosa, MiP, МН, Поехали",1,вопрос,Nom.Sing,"Быть или не быть, вот в чём вопрос. ","To be, or not to be, that is the question.","Hamlet's soliloquy. 'Hamlet', W. Shakespeare ",люди,
вопрос,17,question,N.Masc.Inan,A1,"Golosa, MiP, МН, Поехали",2,вопросы,Acc.Plur,Никто не может ответить на мои вопросы. ,Nobody can answer my questions. ,_,люди,
вопрос,18,question,N.Masc.Inan,A1,"Golosa, MiP, МН, Поехали",3,вопросов,Gen.Plur,У нас много вопросов к президенту.,We have many questions for the president.,_,люди,
раз,19,time,N.Masc.Inan,A1,"LM, МН",1,раз,Acc.Sing,"Я помню, как увидел Эйфелеву башню в первый раз.",I remember the first time I saw the Eiffel tower.,_,"мера, время",
раз,20,time,N.Masc.Inan,A1,"LM, МН",2,раза,Gen.Sing,Нам повторили вопрос два раза: по-русски и по-английски. ,They repeated their question twice: in Russian and in English.,_,"мера, время",
раз,21,time,N.Masc.Inan,A1,"LM, МН",3,разу,Gen.Sing,Я ни разу в жизни не видела жирафа. ,I have never seen a giraffe in my life. ,_,"мера, время",
жизнь,22,life,N.Fem.Inan,A1,"MiP, LM, МН",1,жизни,Gen.Sing,На Марсе нет жизни.,There's no life on Mars.,_,"время, люди",
жизнь,23,life,N.Fem.Inan,A1,"MiP, LM, МН",2,жизнь,Acc.Sing,Всю жизнь он работает в школе.,He has worked at school all his life.,_,"время, люди",
жизнь,24,life,N.Fem.Inan,A1,"MiP, LM, МН",3,жизнью,Ins.Sing,Я доволен своей жизнью.,I am satisfied with my life.,_,"время, люди",
работа,25,work,N.Fem.Inan,A1,"Golosa, MiP, LM, МН",1,работы,Gen.Sing,Сейчас у меня нет работы.,I don't have a job now.,_,учёба/работа,
работа,26,work,N.Fem.Inan,A1,"Golosa, MiP, LM, МН",2,работу,Acc.Sing,Она ищет работу через интернет. ,She is looking for a job on the internet.,_,учёба/работа,
работа,27,work,N.Fem.Inan,A1,"Golosa, MiP, LM, МН",3,работа,Nom.Sing,Моя работа мне не нравится.,I don't like my job.,_,учёба/работа,
видеть,28,see,V,A1,"Golosa, MiP, LM, МН, Поехали",1,видел,Imperf.Masc.Sing.Past,Он видел Тауэрский мост. ,He saw the Tower bridge.,_,внутренний мир,
видеть,29,see,V,A1,"Golosa, MiP, LM, МН, Поехали",2,вижу,Imperf.Sing.1,Я не вижу звёзд. Слишком светло. ,I don't see the stars. It's too bright.,_,внутренний мир,
видеть,30,see,V,A1,"Golosa, MiP, LM, МН, Поехали",3,видеть,Imperf.Inf,Очки помогают людям видеть.,Glasses help people to see.,_,внутренний мир,
день,31,day,N.Masc.Inan,A1,"MiP, LM, МН",1,день,Acc.Sing,Это лекарство следует принимать два раза в день. ,You should take this medicine twice a day. ,_,"мера, время",
день,32,day,N.Masc.Inan,A1,"MiP, LM, МН",2,дня,Gen.Sing,Через три дня у нас экзамен. Надо готовиться!,We have an exam in three days. We need to study!,_,"мера, время",
день,33,day,N.Masc.Inan,A1,"MiP, LM, МН",3,дней,Gen.Plur,Нас не будет в городе несколько дней. ,We won't be in the city for several days.,_,"мера, время",
ребенок,34,child,N.Masc.Anim,A1,"LM, МН",1,детей,Gen.Plur,В нашей семье много детей. ,There are many children in our family.,_,"люди, здоровье",
ребенок,35,child,N.Masc.Anim,A1,"LM, МН",2,дети,Nom.Plur,Почему дети любят конфеты и не любят брокколи?,Why is it children like sweets and don't like broccoli?,_,"люди, здоровье",
ребенок,36,child,N.Masc.Anim,A1,"LM, МН",3,ребёнка,Gen.Sing,Я не могу найти своего ребёнка в толпе!,I can't find my child in the crowd!,_,"люди, здоровье",
страна,37,country,N.Fem.Inan,A1,"Golosa, MiP, МН",1,страны,Gen.Sing,После революции много учёных уехало из страны.,After the revolution many scientists left the country.,_,"люди, путешествие, политика",
страна,38,country,N.Fem.Inan,A1,"Golosa, MiP, МН",2,стране,Loc.Sing,В нашей стране много нефти. ,There is a lot of oil in our country.,_,"люди, путешествие, политика",
страна,39,country,N.Fem.Inan,A1,"Golosa, MiP, МН",3,стран,Gen.Plur,Люди из разных стран приехали в Россию на чемпионат мира по футболу.,People from different countries came to Russia to watch the World Cup.,_,"люди, путешествие, политика",
другой,40,other,N.Masc.Anim,A1,"Golosa, MiP, LM, МН",1,других,Acc.Plur,"Этих собак мы уже видели, покажите нам других. ","We already saw these dogs, show us the others.",_,описание,
другой,41,other,N.Masc.Anim,A1,"Golosa, MiP, LM, МН",2,другому,Dat.Sing,Вчера моя жена ушла от меня к другому.,Yesterday my wife left me to be with someone else.,_,описание,
другой,42,other,A,A1,"Golosa, MiP, LM, МН",3,другом,Loc.Masc.Sing,"Здесь хлеб стоит пятьдесят рублей, а в другом магазине — сорок.","Bread here costs 50 roubles, and in the other shop it costs 40 roubles.",_,описание,
мир,43,world,N.Masc.Inan,A1,"LM, МН",1,мира,Gen.Sing,Этот человек был из другого мира. ,This person was from a different world.,_,"люди, путешествие",
мир,44,world,N.Masc.Inan,A1,"LM, МН",2,мире,Loc.Sing,"В мире животных не существует чувств, а есть только инстинкты.","There are no feelings in the animal world, only instincts.",_,"люди, путешествие",
мир,45,world,N.Masc.Inan,A1,"LM, МН",3,мир,Nom.Sing,С появлением интернета мир значительно изменился.,The world changed radically with the invention of the internet.,_,"люди, путешествие",
новый,46,new,A,A1,"Golosa, MiP, LM, МН",1,новых,Gen.Plur,В этой библиотеке сосем нет новых книг.,There aren’t any new books in this library.,_,время,
новый,47,new,A,A1,"Golosa, MiP, LM, МН",2,новые,Nom.Plur,В нашем университете в этом году появились новые факультеты.,There are new academic departments at our university this year.,_,время,
новый,48,new,A,A1,"Golosa, MiP, LM, МН",3,новый,Nom.Masc.Sing,Теперь историю у нас будет вести новый преподаватель.,History now will be taught by a new teacher.,_,время,
место,49,place,N.Neut.Inan,A1,"Golosa, MiP, LM, МН",1,место,Acc.Sing,"Он соглашался работать по выходным, потому что боялся потерять место в хорошей компании.",He agreed to work on weekends because he was afraid of losing his position in a good company.,_,путешествие,
место,50,place,N.Neut.Inan,A1,"Golosa, MiP, LM, МН",2,месте,Loc.Sing,Я всегда плохо сплю на новом месте.,I always sleep badly in a new place,_,путешествие,
место,51,place,N.Neut.Inan,A1,"Golosa, MiP, LM, МН",3,места,Gen.Sing,"Я не мог сдвинуть шкаф с места, такой он был тяжёлый!","I couldn't move the wardrobe, it was so heavy.",_,путешествие,
рука,52,hand,N.Fem.Inan,A1,"MiP, LM, МН, Кс",1,руку,Acc.Sing,Дай мне руку! Я не могу подняться.,Give me a hand! I can't stand up.,_,"люди, здоровье",
рука,53,hand,N.Fem.Inan,A1,"MiP, LM, МН, Кс",2,руки,Acc.Plur,"Возьмите друг друга за руки, мы будем танцевать!","Take each other's hands, we are going to dance!",_,"люди, здоровье",
рука,54,hand,N.Fem.Inan,A1,"MiP, LM, МН, Кс",3,руках,Loc.Plur,"Когда я его увидел, он держал в руках маленького котёнка.","When I saw him, he was holding a little kitten in his hands.",_,"люди, здоровье",
встречать,55,meet,V,A1,"MiP, LM, МН",1,встречать,Imperf.Inf,Я еду в аэропорт встречать своих друзей.,I'm going to the airport to pick up my friends.,_,"люди, общение",
встречать,56,meet,V,A1,"MiP, LM, МН",2,встречал,Imperf.Masc.Sing.Past,"Когда я жил в Париже, я часто встречал его в кафе.",I often met him in the cafe while I was living in Paris.,_,"люди, общение",
встречать,57,meet,V,A1,"MiP, LM, МН",3,встречали,Imperf.Plur.Past,По дороге домой мы часто встречали Петю.,We often met Petya on our way home.,_,"люди, общение",
хороший,58,good,A,A1,"Golosa, MiP, LM, МН",1,лучше,Comparative,"Маша готовит лучше, чем Ваня.",Masha cooks better than Vanya.,_,описание,
хороший,59,good,A,A1,"Golosa, MiP, LM, МН",2,хорошо,Adverb,Он хорошо поёт.,He sings well.,_,описание,
хороший,60,good,A,A1,"Golosa, MiP, LM, МН",3,хороший,Nom.Masc.Sing,Вася — хороший друг.,Vasya is a good friend.,_,описание,
слово,61,word,N.Neut.Inan,A1,"Golosa, MiP, LM, МН",1,слово,Nom.Sing,В начале было слово.,In the beginning was the word.,John 1:1,"люди, общение",
слово,62,word,N.Neut.Inan,A1,"Golosa, MiP, LM, МН",2,слова,Gen.Sing,Значение этого слова неизвестно.,The meaning of this word is unknown.,_,"люди, общение",
слово,63,word,N.Neut.Inan,A1,"Golosa, MiP, LM, МН",3,слов,Gen.Plur,Это так красиво! У меня нет слов!,It's so beautiful! I have no words!,_,"люди, общение",
дом,64,house,N.Masc.Inan,A1,"Golosa, MiP, LM, МН",1,дома,Gen.Sing,"Я уже вышел из дома, когда вспомнил, что не взял зонтик. ","I had already left my house, when I remembered that I hadn't taken an umbrella. ",_,"люди, жильё",
дом,65,house,N.Masc.Inan,A1,"Golosa, MiP, LM, МН",2,доме,Loc.Sing,Мы купили квартиру в этом доме.,We bought an apartment in this building.,_,"люди, жильё",
дом,66,house,N.Masc.Inan,A1,"Golosa, MiP, LM, МН",3,дом,Nom.Sing,Мой дом — моя крепость.,My house is my castle.,_,"люди, жильё",
школа,67,school,N.Fem.Inan,A1,"Golosa, MiP, LM, МН",1,школе,Loc.Sing,В нашей школе 800 учеников.,There are 800 students in our school.,_,"люди, учёба/работа",
школа,68,school,N.Fem.Inan,A1,"Golosa, MiP, LM, МН",2,школу,Acc.Sing,Я люблю свою школу.,I love my school.,_,"люди, учёба/работа",
школа,69,school,N.Fem.Inan,A1,"Golosa, MiP, LM, МН",3,школы,Gen.Sing,После школы я поступила в университет.,After finishing school I entered university.,_,"люди, учёба/работа",
женщина,70,woman,N.Fem.Anim,A1,"Golosa, MiP, LM, МН",1,женщина,Nom.Sing,Кто эта женщина?,Who is that woman?,_,люди,
женщина,71,woman,N.Fem.Anim,A1,"Golosa, MiP, LM, МН",2,женщины,Nom.Plur,Эти женщины — мои учителя.,These women are my teachers.,_,люди,
женщина,72,woman,N.Fem.Anim,A1,"Golosa, MiP, LM, МН",3,женщин,Gen.Plur,В Иране есть вагоны метро только для женщин.,"There are special ""women only"" cars in the Iranian metro.",_,люди,
нужный,73,needed,A,A1,МН,1,нужно,Neut.Sing,Высшее образование ему не нужно.,He doesn't need higher education.,_,"внутренний мир, учёба/работа",
нужный,74,needed,A,A1,МН,2,нужна,Fem.Sing,"Мне нужна вода, здесь очень жарко.",I need water -- it's very hot here.,_,"внутренний мир, учёба/работа",
нужный,75,needed,A,A1,МН,3,нужны,Plur,Мне не нужны проблемы.,I don't need any problems.,_,"внутренний мир, учёба/работа",
проблема,76,problem,N.Fem.Inan,A1,"MiP, LM, МН",1,проблема,Nom.Sing,Глобальное потепление — проблема для всего мира.,Global warming is a problem for the whole world.,_,"люди, здоровье",
проблема,77,problem,N.Fem.Inan,A1,"MiP, LM, МН",2,проблем,Gen.Plur,У меня на работе много проблем.,I have many problems at work.,_,"люди, здоровье",
проблема,78,problem,N.Fem.Inan,A1,"MiP, LM, МН",3,проблемы,Nom.Plur,Проблемы других его не интересуют.,The problems of others don't interest him.,_,"люди, здоровье",
друг,79,friend,N.Masc.Anim,A1,"Golosa, MiP, LM, МН",1,друг,Nom.Sing,Вася — мой лучший друг.,Vasya is my best friend.,_,люди,
друг,80,friend,N.Masc.Anim,A1,"Golosa, MiP, LM, МН",2,друзья,Nom.Plur,Мои друзья — моё богатство.,My friends are my treasure.,_,люди,
друг,81,friend,N.Masc.Anim,A1,"Golosa, MiP, LM, МН",3,друзей,Gen.Plur,"Не имей сто рублей, а имей сто друзей.",It's better to have 100 friends than 100 roubles.,_,люди,
лицо,82,face,N.Neut.Inan,A1,МН,1,лицо,Acc.Sing,Летом важно защищать лицо от солнца.,It's important to protect your face from sun during summer.,_,"люди, здоровье, учёба/работа",
лицо,83,face,N.Neut.Inan,A1,МН,2,лицом,Ins.Sing,Они объединились перед лицом опасности. ,They united in the face of danger.,_,"люди, здоровье, учёба/работа",
лицо,84,face,N.Neut.Inan,A1,МН,3,лица,Gen.Sing,На переговорах с новыми партнерами я должен был говорить от лица всей нашей компании.,I had to talk with our new partners at the meeting on behalf of our company.,_,"люди, здоровье, учёба/работа",
деньги,85,money,N.Inan,A1,"Golosa, MiP, LM, МН",1,деньги,Acc.Plur,"Я забыл дома деньги, придётся возвращаться.",I forgot my money at home so I have to go back.,_,"люди, учёба/работа",
деньги,86,money,N.Inan,A1,"Golosa, MiP, LM, МН",2,денег,Gen.Plur,У меня нет денег на машину.,I don't have money to buy a car.,_,"люди, учёба/работа",
деньги,87,money,N.Inan,A1,"Golosa, MiP, LM, МН",3,деньгами,Ins.Plur,В этом магазине можно расплатиться только наличными деньгами.,You can only pay in cash in this shop.,_,"люди, учёба/работа",
фильм,88,film,N.Masc.Inan,A1,"MiP, LM, МН",1,фильм,Nom.Sing,Этот фильм вышел в 2010 году.,This film was made in 2010.,_,свободное время,
фильм,89,film,N.Masc.Inan,A1,"MiP, LM, МН",2,фильма,Gen.Sing,Режиссёр этого фильма — Джеймс Кэмерон.,James Cameron is the director of this film.,_,свободное время,
фильм,90,film,N.Masc.Inan,A1,"MiP, LM, МН",3,фильме,Loc.Sing,В этом фильме снималась Джулия Робертс.,Julia Roberts starred in this film. ,_,свободное время,
город,91,city,N.Masc.Inan,A1,"Golosa, MiP, LM, МН",1,городе,Loc.Sing,В этом городе всего два кинотеатра.,There are only two movie theaters in this town.,_,"люди, путешествие",
город,92,city,N.Masc.Inan,A1,"Golosa, MiP, LM, МН",2,города,Gen.Sing,"Выпало много снега, поэтому мы долго не могли выехать из города.","There was a lot of snow, so it took us long to get out of the city.",_,"люди, путешествие",
город,93,city,N.Masc.Inan,A1,"Golosa, MiP, LM, МН",3,город,Nom.Sing,Москва — мой любимый город!,Moscow is my favorite city.,_,"люди, путешествие",
часть,94,part,N.Fem.Inan,A1,"MiP, МН",1,часть,Nom.Sing,Общение — важная часть нашей жизни.,Communication is an important part of our life.,_,мера,
часть,95,part,N.Fem.Inan,A1,"MiP, МН",2,части,Gen.Sing,Я ещё не видел второй части этого фильма.,I haven't seen the second part of this film yet.,_,мера,
часть,96,part,N.Fem.Inan,A1,"MiP, МН",3,частью,Ins.Sing,Спорт стал частью моей жизни.,Sport became a part of my life.,_,мера,
глаз,97,eye,N.Masc.Inan,A1,"MiP, LM, МН",1,глаза,Acc.Plur,"Когда врёшь, сложно смотреть людям в глаза.","When you are lying, it's difficult to look people in the eyes.",_,"люди, здоровье",
глаз,98,eye,N.Masc.Inan,A1,"MiP, LM, МН",2,глазами,Ins.Plur,Неправда! Я видел это своими глазами!,That's not true! I saw it with my own eyes!,_,"люди, здоровье",
глаз,99,eye,N.Masc.Inan,A1,"MiP, LM, МН",3,глазах,Loc.Plur,В её глазах я видел грусть.,I saw sadness in her eyes.,_,"люди, здоровье",
большой,100,big,A,A1,"Golosa, MiP, LM, МН, Поехали",1,большая,Nom.Fem.Sing,У меня большая проблема: я не успеваю в аэропорт!,I have a big problem: I can't get to the airport on time.,_,мера,
большой,101,big,A,A1,"Golosa, MiP, LM, МН, Поехали",2,большой,Nom.Masc.Sing,Большой брат следит за тобой.,Big brother is watching you.,"G. Orwell ""1984""",мера,
большой,102,big,A,A1,"Golosa, MiP, LM, МН, Поехали",3,больше,Comparative,Арбуз больше яблока.,A watermelon is bigger than an apple.,_,мера,
конец,103,end,N.Masc.Inan,A1,МН,1,конце,Loc.Sing,В конце ужина нам подавали десерт.,Dessert was served at the end of the dinner.,_,мера,
конец,104,end,N.Masc.Inan,A1,МН,2,конца,Gen.Sing,Я больше не буду путешествовать с Катей: она без конца ноет!,I will never travel with Katya again: she whines endlessly!,_,мера,
конец,105,end,N.Masc.Inan,A1,МН,3,концов,Gen.Plur,Поможет мне кто-нибудь в конце концов?!,Will anybody help me finally?!,_,мера,
голова,106,head,N.Fem.Inan,A1,"MiP, LM, МН, Кс",1,голову,Acc.Sing,Мне в голову пришла великолепная идея.,A great idea came to my mind.,_,"люди, здоровье",
голова,107,head,N.Fem.Inan,A1,"MiP, LM, МН, Кс",2,головой,Ins.Sing,Он покачал головой в знак неодобрения.,He shook his head as a sign of disapproval.,_,"люди, здоровье",
голова,108,head,N.Fem.Inan,A1,"MiP, LM, МН, Кс",3,голове,Loc.Sing,Тревожные мысли в голове мешали мне спать.,Upsetting thoughts in my head didn't let me sleep.,_,"люди, здоровье",
язык,109,language,N.Masc.Inan,A1,"Golosa, MiP, LM, МН",1,языка,Gen.Sing,Я хожу на курсы русского языка. Мне нравится.,I go to Russian language courses. I like it.,_,"люди, путешествие, здоровье",
язык,110,language,N.Masc.Inan,A1,"Golosa, MiP, LM, МН",2,языке,Loc.Sing,"В русском языке существительные трёх родов: мужского, женского и среднего.","There are nouns of three genders in Russian: masculine, feminine and neuter.",_,"люди, путешествие, здоровье",
язык,111,language,N.Masc.Inan,A1,"Golosa, MiP, LM, МН",3,язык,Nom.Sing,Русский язык — официальный язык Российской Федерации.,Russian is the official language of Russian Federation.,_,"люди, путешествие, здоровье",
форма,112,form,N.Fem.Inan,A1,"LM, МН",1,форме,Loc.Sing,"Перед нами стоял человек в форме, но мы не сразу поняли, что это полицейский.",There was a man in uniform in front of us but but we didn’t realize straight away that he was a policeman.,_,мера,
форма,113,form,N.Fem.Inan,A1,"LM, МН",2,форм,Gen.Plur,В путешествии по Мексике я видел кактусы удивительных форм.,While traveling in Mexico I saw cacti with strange shapes.,_,мера,
форма,114,form,N.Fem.Inan,A1,"LM, МН",3,форма,Nom.Sing,"Мне не нравится форма, в которой это написано.",I don't like the form in which it's written. ,_,мера,
число,115,number,N.Neut.Inan,A1,"MiP, МН",1,числе,Loc.Sing,Прилагательное «большие» стоит во множественном числе.,The adjective «большие» is a plural form.,_,"мера, время",
число,116,number,N.Neut.Inan,A1,"MiP, МН",2,число,Nom.Sing,"Число Пи равно 3,1415. ",The number Pi equals 3.1415.,_,"мера, время",
число,117,number,N.Neut.Inan,A1,"MiP, МН",3,числа,Gen.Sing,"Он был из числа тех людей, которые постоянно опаздывают.",He was one of those people who are always late.,_,"мера, время",
вода,118,water,N.Fem.Inan,A1,"Golosa, MiP, LM, МН",1,воды,Gen.Sing,У нас дома уже две недели нет горячей воды.,We haven’t had hot water at home for 2 weeks already.,_,еда,
вода,119,water,N.Fem.Inan,A1,"Golosa, MiP, LM, МН",2,воду,Acc.Sing,Я не пью воду с газом.,I don't drink sparkling water.,_,еда,
вода,120,water,N.Fem.Inan,A1,"Golosa, MiP, LM, МН",3,водой,Ins.Sing,Без маски или акваланга человек не может дышать под водой.,A human being can't breathe underwater without a mask or scuba gear.,_,еда,
говорить,121,talk,V,A1,"Golosa, MiP, LM, МН",1,говорит,Imperf.Sing.3,Он говорит слишком быстро.,He speaks too fast.,_,"люди, общение",
говорить,122,talk,V,A1,"Golosa, MiP, LM, МН",2,говорить,Imperf.Inf,Я не хочу говорить об этом.,I don't want to talk about it.,_,"люди, общение",
говорить,123,talk,V,A1,"Golosa, MiP, LM, МН",3,говорю,Imperf.Sing.1,"Я всегда говорю, что думаю.",I always say what I think.,_,"люди, общение",
гулять,124,walk,V,A1,"MiP, LM, МН",1,гулять,Imperf.Inf,Я люблю гулять по Москве.,I like walking around Moscow.,_,свободное время,
гулять,125,walk,V,A1,"MiP, LM, МН",2,гуляют,Imperf.Plur.3,Современные дети мало гуляют.,Today’s children don’t walk enough.,_,свободное время,
гулять,126,walk,V,A1,"MiP, LM, МН",3,гулял,Imperf.Masc.Sing.Past,"Я часто гулял в этом лесу, когда приезжал к бабушке.",I often walked in that forest when I came to visit my grandmother.,_,свободное время,
группа,127,group,N.Fem.Inan,A1,"Golosa, MiP, МН",1,группы,Gen.Sing,Только три человека из группы сдали экзамен.,Only three people in our group passed the exam.,_,"люди, мера",
группа,128,group,N.Fem.Inan,A1,"Golosa, MiP, МН",2,группа,Nom.Sing,У меня четвёртая группа крови.,My blood type is AB.,_,"люди, мера",
группа,129,group,N.Fem.Inan,A1,"Golosa, MiP, МН",3,групп,Gen.Plur,Для работы над проектом мы разделились на пять групп.,We divided into five groups to work on the project.,_,"люди, мера",
общий,130,common,A,A1,"LM, МН",1,общего,Gen.Neut.Sing,Заниматься музыкой полезно для общего развития.,It's good for your development to study music.,_,люди,
общий,131,common,A,A1,"LM, МН",2,общем,Loc.Neut.Sing,"Семья есть, работа есть, в общем, пока меня всё устраивает.","I have a family and work. Generally, I'm happy with everything.",_,люди,
общий,132,common,A,A1,"LM, МН",3,общей,Gen.Fem.Sing,Это событие — часть нашей общей истории. ,This event is part of our common history.,_,люди,
история,133,history,N.Fem.Inan,A1,"Golosa, MiP, МН",1,история,Nom.Sing,История древнего мира — мой любимый предмет в университете.,Ancient history is my favorite subject at university.,_,"время, учёба/работа",
история,134,history,N.Fem.Inan,A1,"Golosa, MiP, МН",2,истории,Gen.Sing,Без изучения истории у людей нет будущего.,Without learning history people have no future.,_,"время, учёба/работа",
история,135,history,N.Fem.Inan,A1,"Golosa, MiP, МН",3,историю,Acc.Sing,Я изучаю историю России.,I study Russian history.,_,"время, учёба/работа",
давать,136,give,V,A1,"MiP, LM, МН",1,даёт,Imperf.Sing.3,Мама даёт ребёнку игрушку.,The mom gives a toy to her child.,_,"общение, магазин",
давать,137,give,V,A1,"MiP, LM, МН",2,дают,Imperf.Plur.3,Дети шумят и не дают мне работать.,"Childeren are noisy, they don't let me work. ",_,"общение, магазин",
давать,138,give,V,A1,"MiP, LM, МН",3,давать,Imperf.Inf,Хороший психолог не станет давать советов.,A good psychologist will never give advice.,_,"общение, магазин",
программа,139,program,N.Fem.Inan,A1,"MiP, LM, МН",1,программы,Gen.Sing,У меня на компьютере нет хорошей программы для обработки фотографий.,I don't have a good program on my computer for editing photos.,_,"учёба/работа, свободное время",
программа,140,proram,N.Fem.Inan,A1,"MiP, LM, МН",2,программа,Nom.Sing,По телевизору идёт моя любимая программа.,My favorite show is on TV now.,_,"учёба/работа, свободное время",
программа,141,proram,N.Fem.Inan,A1,"MiP, LM, МН",3,программ,Gen.Plur,На моём компьютере нет программ для обработки видео.,I don't have programs for editing videos on my computer.,_,"учёба/работа, свободное время",
дарить,142,give a gift,V,A1,"Golosa, MiP, LM, МН",1,дарить,Imperf.Inf,На день рождения принято дарить подарки.,It is customary to give birthday presents.,_,люди,
дарить,143,give a gift,V,A1,"Golosa, MiP, LM, МН",2,дарит,Imperf.Sing.3,Дед Мороз дарит детям подарки на Новый год.,Santa Claus gives children presents on New Year's Eve.,_,люди,
дарить,144,give a gift,V,A1,"Golosa, MiP, LM, МН",3,дарят,Imperf.Plur.3,"Я не люблю, когда мне дарят цветы.",I don't like it when people give me flowers.,_,люди,
российский,145,Russian,A,A1,"Golosa, MiP, LM, МН",1,российской,Gen.Fem.Sing,"Цвета флага Российской Федерации — белый, синий и красный.","The colors of the Russian flag are white, blue and red.",_,"люди, путешествие, политика",
российский,146,Russian,A,A1,"Golosa, MiP, LM, МН",2,российских,Gen.Plur,Министр финансов отказался отвечать на вопросы российских журналистов. ,The Minister of finance refused to answer questions from the Russian journalists.,_,"люди, путешествие, политика",
российский,147,Russian,A,A1,"Golosa, MiP, LM, МН",3,российского,Gen.Masc.Sing,У него нет российского паспорта.,He doesn't have a Russian passport.,_,"люди, путешествие, политика",
час,148,hour,N.Masc.Inan,A1,"Golosa, MiP, LM, МН",1,часов,Gen.Plur,Я сегодня спал десять часов!,I slept for 10 hours today!,_,"мера, время",
час,149,hour,N.Masc.Inan,A1,"Golosa, MiP, LM, МН",2,часа,Gen.Sing,В два часа у нас встреча с новым клиентом.,I have a meeting with a new client at two o’clock.,_,"мера, время",
час,150,hour,N.Masc.Inan,A1,"Golosa, MiP, LM, МН",3,час,Acc.Sing,Мы вернёмся через час.,We'll be back in an hour.,_,"мера, время",
русский,151,Russian,A,A1,"LM, МН",1,русской,Gen.Fem.Sing,XIX век — «золотой» век русской литературы.,"The 19th century is the ""golden"" era of Russian literature.",_,"люди, путешествие, политика",
русский,152,Russian,A,A1,"LM, МН",2,русского,Gen.Masc.Sing,Мы идём на выставку русского авангарда в Третьяковскую галерею.,We are going to the exhibition of Russian avant-garde art at the Tretyakov gallery.,_,"люди, путешествие, политика",
русский,153,Russian,A,A1,"LM, МН",3,русском,Loc.Masc.Sing,В русском алфавите тридцать три буквы.,There are 33 letters in the Russian alphabet.,_,"люди, путешествие, политика",
мужчина,154,man,N.Masc.Anim,A1,"Golosa, MiP, LM, МН",1,мужчина,Nom.Sing,Этот мужчина всегда гуляет в парке один.,This man always walks in the park alone.,_,люди,
мужчина,155,man,N.Masc.Anim,A1,"Golosa, MiP, LM, МН",2,мужчин,Gen.Plur,В школе работает мало мужчин.,Few men work at school.,_,люди,
мужчина,156,man,N.Masc.Anim,A1,"Golosa, MiP, LM, МН",3,мужчины,Nom.Plur,Эти мужчины работают со мной в одном офисе.,These men work with me in a shared office. ,_,люди,
книга,157,book,N.Fem.Inan,A1,"Golosa, MiP, LM, МН",1,книгу,Acc.Sing,Я купила новую книгу Акунина.,I bought a new book by Akunin.,_,"учёба/работа, свободное время",
книга,158,book,N.Fem.Inan,A1,"Golosa, MiP, LM, МН",2,книга,Nom.Sing,Эта книга мне не нравится.,I don't like that book.,_,"учёба/работа, свободное время",
книга,159,book,N.Fem.Inan,A1,"Golosa, MiP, LM, МН",3,книге,Loc.Sing,В этой книге много ошибок.,There are many mistakes in this book.,_,"учёба/работа, свободное время",
высокий,160,high,A,A1,"Golosa, MiP, МН",1,выше,Comparative,Миша на десять сантиметров выше Пети. ,Misha is 10 centimeters taller than Petya.,_,мера,
высокий,161,high,A,A1,"Golosa, MiP, МН",2,высокий,Nom.Masc.Sing,У него высокий голос. ,He has a high voice.,_,мера,
высокий,162,high,A,A1,"Golosa, MiP, МН",3,высокой,Ins.Fem.Sing,Я не пришла на работу из-за высокой температуры.,I didn't come to work because of high fever.,_,мера,
известный,163,famous,A,A1,"MiP, МН",1,известно,Neut.Sing,Это здание известно во всём мире.,This building is famous worldwide.,_,люди,
известный,164,famous,A,A1,"MiP, МН",2,известных,Gen.Plur,Здесь много известных людей. ,There are many famous people here.,_,люди,
известный,165,famous,A,A1,"MiP, МН",3,известные,Nom.Plur,Известные актёры приняли участие в благотворительном марафоне. ,Famous actors took part in a charity marathon.,_,люди,
нога,166,foot,N.Fem.Inan,A1,"MiP, МН",1,ноги,Acc.Plur,Впереди яма! Смотри под ноги!,There's a gap! Mind your feet!,_,"люди, здоровье",
нога,167,foot,N.Fem.Inan,A1,"MiP, МН",2,ногами,Ins.Plur,"В футбол играют ногами, а в баскетбол — руками.","Football is played with the feet, basketball is played with the hands.",_,"люди, здоровье",
нога,168,foot,N.Fem.Inan,A1,"MiP, МН",3,ногу,Acc.Sing,Она упала и сломала правую ногу.,She fell and broke her right leg.,_,"люди, здоровье",
делать,169,do,V,A1,"Golosa, MiP, LM, МН",1,делать,Imperf.Inf,"Что делать, если болит зуб?",What should you do if you have a toothache?,_,"свободное время, учёба/работа",
делать,170,do,V,A1,"Golosa, MiP, LM, МН",2,делает,Imperf.Sing.3,Он целыми днями сидит дома и ничего не делает!,All day long he just sits at home doing nothing!,_,"свободное время, учёба/работа",
делать,171,do,V,A1,"Golosa, MiP, LM, МН",3,делают,Imperf.Plur.3,"Из молока делают сметану, масло, йогурт и творог.","Sour cream, butter, yoghurt and cottage cheese are made from milk.",_,"свободное время, учёба/работа",
думать,172,think,V,A1,"Golosa, MiP, LM, МН",1,думаю,Imperf.Sing.1,"Я не думаю, что это хорошая идея.",I don’t think it’s a good idea.,_,"внутренний мир, учёба/работа",
думать,173,think,V,A1,"Golosa, MiP, LM, МН",2,думал,Imperf.Masc.Sing.Past,"Когда Вася был маленьким, он думал, что столица США — Нью-Йорк.",When Vasya was little he used to think that New York is the capital of the USA.,_,"внутренний мир, учёба/работа",
думать,174,think,V,A1,"Golosa, MiP, LM, МН",3,думать,Imperf.Inf,"Я не хочу сейчас об этом думать, я хочу спать!","I don't want to think about it now, I want to sleep!",_,"внутренний мир, учёба/работа",
образование,175,education,N.Neut.Inan,A1,"Golosa, MiP, МН",1,образования,Gen.Sing,Маша работает в Министерстве образования.,Masha works in the ministry of education.,_,учёба/работа,
образование,176,education,N.Neut.Inan,A1,"Golosa, MiP, МН",2,образование,Acc.Sing,Я получила высшее образование в Москве. А вы?,I got my higher education in Moscow. And you?,_,учёба/работа,
образование,177,education,N.Neut.Inan,A1,"Golosa, MiP, МН",3,образованием,Ins.Sing,Кем можно работать с образованием философа?,What job can you get with a degree in philosophy?,_,учёба/работа,
семья,178,family,N.Fem.Inan,A1,"Golosa, MiP, LM, МН",1,семьи,Gen.Sing,Это вам подарок от нашей семьи.,This is a gift to you from our family.,_,люди,
семья,179,family,N.Fem.Inan,A1,"Golosa, MiP, LM, МН",2,семье,Loc.Sing,Он родился в большой семье.,He was born into a big family.,_,люди,
семья,180,family,N.Fem.Inan,A1,"Golosa, MiP, LM, МН",3,семья,Nom.Sing,"Наша семья не очень большая: мама, папа, моя сестра и я.","Our family is not very big: mom, dad, my sister and me.",_,люди,
качество,181,quality,N.Neut.Inan,A1,"Golosa, MiP, МН",1,качестве,Loc.Sing,Эти фотографии можно повесить на стену в качестве украшения.,You can put these photos on the wall as a decoration.,_,"мера, описание",
качество,182,quality,N.Neut.Inan,A1,"Golosa, MiP, МН",2,качества,Gen.Sing,"Я купила дорогие кроссовки, но они оказались плохого качества.",I bought expensive sneakers but they turned out to be of bad quality.,_,"мера, описание",
качество,183,quality,N.Neut.Inan,A1,"Golosa, MiP, МН",3,качество,Nom.Sing,Честность — моё любимое качество в людях.,Honesty is my favorite quality in people.,_,"мера, описание",
рубль,184,rouble,N.Masc.Inan,A1,"Golosa, MiP, LM, МН",1,рублей,Gen.Plur,Молоко стоит пятьдесят рублей.,Milk costs 50 roubles.,_,"мера, учёба/работа",
рубль,185,rouble,N.Masc.Inan,A1,"Golosa, MiP, LM, МН",2,рубля,Gen.Sing,Цена этого хлеба — сорок четыре рубля.,The price of this bread is 44 roubles.,_,"мера, учёба/работа",
рубль,186,rouble,N.Masc.Inan,A1,"Golosa, MiP, LM, МН",3,рубль,Nom.Sing,Билет на автобус стоит сорок один рубль.,The bus ticket costs 41 roubles.,_,"мера, учёба/работа",
ездить,187,ride,V,A1,"Golosa, MiP, МН, Кс",1,ездил,Imperf.Masc.Sing.Past,На прошлой неделе он ездил в Санкт-Петербург.,Last week he went to Saint Petersburg.,_,путешествие,
ездить,188,ride,V,A1,"Golosa, MiP, МН, Кс",2,ездить,Imperf.Inf,Мне нравится ездить на поезде.,I like traveling by train.,_,путешествие,
ездить,189,ride,V,A1,"Golosa, MiP, МН, Кс",3,ездили,Imperf.Plur.Past,В прошлом году мы ездили во Францию.,Last year we went to France.,_,путешествие,
квартира,190,apartment,N.Fem.Inan,A1,"Golosa, MiP, LM, МН",1,квартире,Loc.Sing,В моей квартире три комнаты.,There are 3 rooms in my apartment.,_,"люди, жильё",
квартира,191,apartment,N.Fem.Inan,A1,"Golosa, MiP, LM, МН",2,квартиру,Acc.Sing,Я ищу квартиру в центре Москвы.,I am looking for an apartment in the centre of Moscow.,_,"люди, жильё",
квартира,192,apartment,N.Fem.Inan,A1,"Golosa, MiP, LM, МН",3,квартира,Nom.Sing,"Моя квартира маленькая, но уютная.",My apartment is small but cozy.,_,"люди, жильё",
век,193,century,N.Masc.Inan,A1,"MiP, МН, Поехали",1,века,Gen.Sing,Это здание восемнадцатого века.,This building is from the 18th century.,_,"мера, время",
век,194,century,N.Masc.Inan,A1,"MiP, МН, Поехали",2,веке,Loc.Sing,Толстой родился в девятнадцатом веке. ,Tolstoy was born in the 19th century.,_,"мера, время",
век,195,century,N.Masc.Inan,A1,"MiP, МН, Поехали",3,веков,Gen.Plur,В течение многих веков люди жили без электричества.,For many centuries people lived without electricity.,_,"мера, время",
страница,196,page,N.Fem.Inan,A1,"MiP, МН",1,страница,Nom.Sing,Первая страница в этой книге — пустая.,The first page of this book is blank.,_,"мера, учёба/работа",
страница,197,page,N.Fem.Inan,A1,"MiP, МН",2,страниц,Gen.Plur,В этой книге двести страниц.,There are 200 pages in this book.,_,"мера, учёба/работа",
страница,198,page,N.Fem.Inan,A1,"MiP, МН",3,страницах,Loc.Plur,На последних страницах журнала напечатана моя статья.,My article is printed on the last pages of the journal.,_,"мера, учёба/работа",
ехать,199,ride,V,A1,"Golosa, MiP, LM, МН, Кс",1,ехать,Imperf.Inf,"Уже поздно, нам пора ехать домой!","It’s late, time for us to go home!",_,путешествие,
ехать,200,ride,V,A1,"Golosa, MiP, LM, МН, Кс",2,едет,Imperf.Sing.3,Мальчик едет на велосипеде.,The boy is riding a bike.,_,путешествие,
ехать,201,ride,V,A1,"Golosa, MiP, LM, МН, Кс",3,едем,Imperf.Plur.1,Через неделю мы едем в Турцию.,In a week we’re going to Turkey.,_,путешествие,
ждать,202,wait,V,A1,"MiP, LM, МН",1,ждёт,Imperf.Sing.3,Меня ждёт дома мама.,Mom is waiting for me at home.,_,"люди, время",
ждать,203,wait,V,A1,"MiP, LM, МН",2,ждать,Imperf.Inf,Я буду ждать тебя у метро.,I will wait for you next to the metro station.,_,"люди, время",
ждать,204,wait,V,A1,"MiP, LM, МН",3,ждали,Imperf.Plur.Past,Мы долго ждали автобус на остановке.,We were waiting for the bus at the bus stop for a long time.,_,"люди, время",
класс,205,class,N.Masc.Inan,A1,"Golosa, MiP, МН",1,класса,Gen.Sing,Мы дружим с первого класса.,We have been friends since first grade.,_,"люди, учёба/работа",
класс,206,class,N.Masc.Inan,A1,"Golosa, MiP, МН",2,класс,Nom.Sing,Сегодня наш класс идёт на экскурсию в музей!,Our class is going on a field trip to a museum today!,_,"люди, учёба/работа",
класс,207,class,N.Masc.Inan,A1,"Golosa, MiP, МН",3,классе,Loc.Sing,В нашем классе двадцать восемь человек.,There are 28 people in our class.,_,"люди, учёба/работа",
свет,208,"light, world",N.Masc.Inan,A1,МН,1,света,Gen.Sing,Пирамиды в Гизе — одно из семи чудес света.,Pyramids in Giza are one of the Seven Wonders of the world.,_,"люди, путешествие",
свет,209,"light, world",N.Masc.Inan,A1,МН,2,свете,Loc.Sing,У меня лучшая мама на свете!,I have the best mom on Earth!,_,"люди, путешествие",
свет,210,"light, world",N.Masc.Inan,A1,МН,3,свет,Nom.Sing,Свет Солнца доходит до Земли за восемь минут девятнадцать секунд.,Solar light reaches Earth in 8 minutes and 19 seconds.,_,"люди, путешествие",
желать,211,wish,V,A1,"LM, МН",1,желаю,Imperf.Sing.1,Я желаю вам счастья и любви!,I wish you happiness and love!,_,внутренний мир,
желать,212,wish,V,A1,"LM, МН",2,желает,Imperf.Sing.3,"Мы говорили ему пойти к врачу, но он не желает ничего слышать!","We told him to see doctor, but he doesn’t want to listen.",_,внутренний мир,
желать,213,wish,V,A1,"LM, МН",3,желая,Imperf.Gerund,"Он поднялся на двадцатый этаж, желая увидеть фейерверк. ",He went to the 20th floor hoping to see the fireworks.,_,внутренний мир,
ответ,214,answer,N.Masc.Inan,A1,МН,1,ответ,Acc.Sing,Я написала им письмо и теперь жду ответ.,I wrote them a letter and am now waiting for a response.,_,люди,
ответ,215,answer,N.Masc.Inan,A1,МН,2,ответов,Gen.Plur,"Я задал много вопросов, но не получил на них ответов.",I asked many questions but didn’t get answers.,_,люди,
ответ,216,answer,N.Masc.Inan,A1,МН,3,ответа,Gen.Sing,Он оставил мой вопрос без ответа.,He left my question unanswered.,_,люди,
разный,217,different,A,A1,МН,1,разных,Gen.Plur,К нам приехали друзья из разных стран.,Friends from different countries came to see us.,_,мера,
разный,218,different,A,A1,МН,2,разные,Nom.Plur,Все разные — все равные.,Everybody is different — everybody is equal.,_,мера,
разный,219,different,A,A1,МН,3,разными,Ins.Plur,"Мы женаты, но живём под разными фамилиями.",We are married but live under different surnames.,_,мера,
жить,220,live,V,A1,"Golosa, MiP, LM, МН",1,жить,Imperf.Inf,Я хочу жить во Франции.,I want to live in France.,_,"время, люди",
жить,221,live,V,A1,"Golosa, MiP, LM, МН",2,живёт,Imperf.Sing.3,Он живёт в Лондоне.,He lives in London.,_,"время, люди",
жить,222,live,V,A1,"Golosa, MiP, LM, МН",3,жили,Imperf.Plur.Past,Раньше мы жили в Санкт-Петербурге.,We used to live in Saint Petersburg.,_,"время, люди",
интересный,223,interesting,A,A1,"Golosa, MiP, LM, МН",1,интересно,Adverb,С тобой интересно разговаривать.,It's interesting to talk to you.,_,описание,
интересный,224,interesting,A,A1,"Golosa, MiP, LM, МН",2,интересная,Nom.Fem.Sing,Какая у тебя интересная жизнь!,What an interesting life you have!,_,описание,
интересный,225,interesting,A,A1,"Golosa, MiP, LM, МН",3,интересное,Nom.Neut.Sing,Это интересное предложение. Я подумаю и перезвоню вам.,It’s an interesting suggestion. I’ll think about it and call you back.,_,описание,
завтракать,226,have breakfast,V,A1,"Golosa, MiP, LM, МН",1,завтракать,Imperf.Inf,Я люблю завтракать дома с семьей.,I like to have breakfast at home with my family.,_,еда,
завтракать,227,have breakfast,V,A1,"Golosa, MiP, LM, МН",2,завтракал,Imperf.Masc.Sing.Past,Во Франции я каждый день завтракал круассанами.,In France I ate croissants for breakfast every day.,_,еда,
завтракать,228,have breakfast,V,A1,"Golosa, MiP, LM, МН",3,завтракали,Imperf.Plur.Past,"Одиннадцать утра, а мы ещё не завтракали! Пойдём скорее есть!",It’s 11 AM and we haven’t had breakfast yet! Let’s go eat!,_,еда,
месяц,229,month,N.Masc.Inan,A1,"Golosa, MiP, LM, МН",1,месяц,Acc.Sing,Через месяц мы поедем на море.,In one month we’ll travel to the seaside.,_,"мера, время",
месяц,230,month,N.Masc.Inan,A1,"Golosa, MiP, LM, МН",2,месяца,Gen.Sing,Я ничего не слышала от него уже три месяца. С ним всё в порядке?,I haven’t heard anything from him in 3 months. Is he all right?,_,"мера, время",
месяц,231,month,N.Masc.Inan,A1,"Golosa, MiP, LM, МН",3,месяцев,Gen.Plur,Я работаю в этой компании уже десять месяцев.,I’ve been working for this company for 10 months already.,_,"мера, время",
следующий,232,next,A,A1,"MiP, LM, МН",1,следующий,Inan.Acc.Masc.Sing,В следующий раз не забудь взять с собой паспорт!,Don’t forget to take your passport with you next time!,_,"мера, время",
следующий,233,next,A,A1,"MiP, LM, МН",2,следующим,Ins.Masc.Sing,Следующим летом мы полетим в Италию.,Next summer we fly to Italy.,_,"мера, время",
следующий,234,next,A,A1,"MiP, LM, МН",3,следующем,Loc.Masc.Sing,В следующем году мне будет тридцать лет.,I will be 30 next year.,_,"мера, время",
звонить,235,call,V,A1,"MiP, LM, МН",1,звонил,Imperf.Masc.Sing.Past,"Пока вас не было, у вас звонил телефон.",Your phone was ringing while you were away.,_,"люди, общение",
звонить,236,call,V,A1,"MiP, LM, МН",2,звонить,Imperf.Inf,"Как хорошо, что вы пришли. Я уже собирался вам звонить.",So good that you came. I was just about to call you.,_,"люди, общение",
звонить,237,call,V,A1,"MiP, LM, МН",3,звонит,Imperf.Sing.3,"Он обещал позвонить сегодня, но почему-то не звонит.",He promised to call today but hasn’t called for some unknown reason.,_,"люди, общение",
минута,238,minute,N.Fem.Inan,A1,"MiP, LM, МН",1,минут,Gen.Plur,Спектакль начнётся через пять минут.,The show starts in 5 minutes.,_,"мера, время",
минута,239,minute,N.Fem.Inan,A1,"MiP, LM, МН",2,минуту,Acc.Sing,Дайте мне минуту! Я всё объясню.,Give me a minute! I’ll explain everything.,_,"мера, время",
минута,240,minute,N.Fem.Inan,A1,"MiP, LM, МН",3,минуты,Gen.Sing,Она придёт через три минуты.,She will come in 3 minutes.,_,"мера, время",
вечер,241,evening,N.Masc.Inan,A1,"Golosa, MiP, LM, МН, Поехали",1,вечером,Ins.Sing,Пойдём в кино сегодня вечером?,Shall we go to the movie theater tonight?,_,"мера, время",
вечер,242,evening,N.Masc.Inan,A1,"Golosa, MiP, LM, МН, Поехали",2,вечера,Gen.Sing,Давайте подождём до вечера и потом будем звонить ему.,Let's wait until evening and then we’ll call him.,_,"мера, время",
вечер,243,evening,N.Masc.Inan,A1,"Golosa, MiP, LM, МН, Поехали",3,вечер,Acc.Sing,У нас большие планы на сегодняшний вечер!,We have big plans for this evening!,_,"мера, время",
имя,244,name,N.Neut.Inan,A1,"Golosa, MiP, МН",1,имя,Acc.Sing,"Назовите, пожалуйста, Ваше имя!",Tell me your name please!,_,люди,
имя,245,name,N.Neut.Inan,A1,"Golosa, MiP, МН",2,имени,Gen.Sing,"Уважаемые пассажиры, от имени нашей авиакомпании желаю вам приятного полёта!","Dear passengers, on behalf of our company I wish you a pleasant flight!",_,люди,
имя,246,name,N.Neut.Inan,A1,"Golosa, MiP, МН",3,именем,Ins.Sing,"Никто не знает, какой художник скрывается под именем Бэнкси.",Nobody knows the artist who is hiding behind the name of Banksy.,_,люди,
молодой,247,young,A,A1,"Golosa, MiP, LM, МН",1,молодой,Nom.Masc.Sing,Этот молодой человек хочет стать музыкантом.,This young man wants to become a musician,_,"люди, мера, время",
молодой,248,young,A,A1,"Golosa, MiP, LM, МН",2,молодых,Gen.Plur,В этой школе много молодых учёных.,There are many young scientists at this school.,_,"люди, мера, время",
молодой,249,young,A,A1,"Golosa, MiP, LM, МН",3,молодые,Nom.Plur,Молодые учёные собрались на конференцию в Милане.,Young scientists gathered for the conference in Milan.,_,"люди, мера, время",
здравствовать,250,be well,V,A1,МН,1,здравствуйте,Imperf.Imper.Plur.2,"Здравствуйте, уважаемые участники конференции!","Hello, dear conference participants!",_,"люди, общение",
здравствовать,251,be well,V,A1,МН,2,здравствует,Imperf.Sing.3,Да здравствует свобода!,Long live freedom!,_,"люди, общение",
здравствовать,252,be well,V,A1,МН,3,здравствуй,Imperf.Imper.Sing.2,"Здравствуй, Катя! Давно не виделись! Как твои дела?","Hi, Katya! Long time no see! How are you?",_,"люди, общение",
событие,253,event,N.Neut.Inan,A1,МН,1,событий,Gen.Plur,Мы будем следить за развитием событий.,We’ll keep on watching the development of events.,_,"люди, время",
событие,254,event,N.Neut.Inan,A1,МН,2,события,Nom.Plur,Эти события изменили нашу жизнь.,These events changed our life.,_,"люди, время",
событие,255,event,N.Neut.Inan,A1,МН,3,событие,Nom.Sing,Полёт человека в космос— большое событие для всего мира.,Human flight into outer space is a big event for the whole world.,_,"люди, время",
знать,256,know,V,A1,"Golosa, MiP, LM, МН",1,знаю,Imperf.Sing.1,Я не знаю этого человека.,I don't know that person.,_,"внутренний мир, учёба/работа",
знать,257,know,V,A1,"Golosa, MiP, LM, МН",2,знаете,Imperf.Plur.2,"Знаете ли вы, что Луна — спутник Земли?",Did you know that the Moon is a satellite of the Earth?,_,"внутренний мир, учёба/работа",
знать,258,know,V,A1,"Golosa, MiP, LM, МН",3,знает,Imperf.Sing.3,Он много знает об истории России.,He knows a lot about Russian history.,_,"внутренний мир, учёба/работа",
ночь,259,night,N.Fem.Inan,A1,"Golosa, MiP, LM, МН",1,ночь,Acc.Sing,Мы были в клубе всю ночь.,We were in the club the whole night.,_,"мера, время",
ночь,260,night,N.Fem.Inan,A1,"Golosa, MiP, LM, МН",2,ночью,Ins.Sing,За полярным кругом ночью можно увидеть северное сияние.,It's possible to see the northern lights at night above the polar circle.,_,"мера, время",
ночь,261,night,N.Fem.Inan,A1,"Golosa, MiP, LM, МН",3,ночи,Gen.Sing,Наш самолёт улетает в два часа ночи.,Our flight departs at 2 AM.,_,"мера, время",
машина,262,car,N.Fem.Inan,A1,"Golosa, MiP, LM, МН",1,машину,Acc.Sing,"Садись в машину, нам пора ехать!","Get inside the car, it’s time to go!",_,"люди, путешествие",
машина,263,car,N.Fem.Inan,A1,"Golosa, MiP, LM, МН",2,машины,Gen.Sing,За городом трудно жить без машины.,It's difficult to live outside the city without a car.,_,"люди, путешествие",
машина,264,car,N.Fem.Inan,A1,"Golosa, MiP, LM, МН",3,машина,Nom.Sing,"У меня сломалась машина, нужно везти её в ремонт.","My car broke down, I need to take it in for service.",_,"люди, путешествие",
играть,265,play,V,A1,"Golosa, MiP, LM, МН",1,играть,Imperf.Inf,Я не умею играть в баскетбол.,I don't know how to play basketball.,_,"люди, свободное время",
играть,266,play,V,A1,"Golosa, MiP, LM, МН",2,играет,Imperf.Sing.3,Мой брат играет на гитаре.,My brother plays the guitar.,_,"люди, свободное время",
играть,267,play,V,A1,"Golosa, MiP, LM, МН",3,играл,Imperf.Masc.Sing.Past,Он очень хорошо играл на скрипке.,He played the violin very well.,_,"люди, свободное время",
идти,268,go,V,A1,"Golosa, MiP, LM, МН, Кс",1,идёт,Imperf.Sing.3,В сентябре моя дочка идёт в школу.,My daughter starts school in September.,_,"люди, свободное время, погода",
идти,269,go,V,A1,"Golosa, MiP, LM, МН, Кс",2,идти,Imperf.Inf,Я устала и не могу идти дальше.,I am tired and can’t walk further.,_,"люди, свободное время, погода",
идти,270,go,V,A1,"Golosa, MiP, LM, МН, Кс",3,шёл,Imperf.Masc.Sing.Past,Вчера весь день шёл дождь.,It was raining the whole day yesterday.,_,"люди, свободное время, погода",
мать,271,mother,N.Fem.Anim,A1,"Golosa, MiP, LM, МН",1,мать,Nom.Sing,Его мать — очень сильная женщина.,His mother is a very strong woman.,_,люди,
мать,272,mother,N.Fem.Anim,A1,"Golosa, MiP, LM, МН",2,матери,Gen.Sing,В России обычно не празднуют День матери.,People don’t usually celebrate Mother’s day in Russia.,_,люди,
мать,273,mother,N.Fem.Anim,A1,"Golosa, MiP, LM, МН",3,матерью,Ins.Sing,Он не разговаривает со своей матерью.,He doesn't talk to his mother.,_,люди,
стол,274,table ,N.Masc.Inan,A1,"Golosa, MiP, LM, МН",1,столом,Ins.Sing,"Люблю, когда вся семья собирается за столом.",I like it when the whole family gathers around the table.,_,"еда, учёба/работа, жильё",
стол,275,table ,N.Masc.Inan,A1,"Golosa, MiP, LM, МН",2,стол,Acc.Sing,"Ужин готов, садитесь за стол!","Dinner is ready, sit down at the table!",_,"еда, учёба/работа, жильё",
стол,276,table ,N.Masc.Inan,A1,"Golosa, MiP, LM, МН",3,стола,Gen.Sing,"Пора было выходить из-за стола, но у меня не было сил.",It was time to leave the table but I didn’t have energy.,_,"еда, учёба/работа, жильё",
цена,277,price,N.Fem.Inan,A1,"MiP, LM, МН",1,цена,Nom.Sing,"Мне нравится это платье, но его цена слишком высокая.",I like this dress but the price is too high.,_,мера,
цена,278,price,N.Fem.Inan,A1,"MiP, LM, МН",2,цены,Nom.Plur,Цены в нашем магазине — самые низкие в городе.,The prices in our shop are the lowest in town.,_,мера,
цена,279,price,N.Fem.Inan,A1,"MiP, LM, МН",3,цен,Gen.Plur,Мы были в шоке от цен на новые айфоны.,We were shocked by the prices for new iPhones.,_,мера,
кончать,280,finish,V,A1,МН,1,кончает,Sing.3.Pres/Fut,,,_,"мера, время",verb removed because it is rare
кончать,281,finish,V,A1,МН,2,кончая,Pres/Fut,,,_,"мера, время",verb removed because it is rare
кончать,282,finish,V,A1,МН,3,кончали,Plur.Past,,,_,"мера, время",verb removed because it is rare
маленький,283,small,A,A1,"Golosa, MiP, LM, МН",1,маленький,Nom.Masc.Sing,Этот маленький мальчик — мой брат.,This little boy is my brother.,_,мера,
маленький,284,small,A,A1,"Golosa, MiP, LM, МН",2,меньше,Comparative,Луна меньше Земли.,The Moon is smaller than the Earth.,_,мера,
маленький,285,small,A,A1,"Golosa, MiP, LM, МН",3,маленькая,Nom.Fem.Sing,Эта маленькая девочка — моя сестра.,This little girl is my sister.,_,мера,
дверь,286,door,N.Fem.Inan,A1,"Golosa, MiP, LM, МН",1,дверь,Acc.Sing,"Я услышал, как в дверь кто-то постучал.",I heard someone knock on the door.,_,жильё,
дверь,287,door,N.Fem.Inan,A1,"Golosa, MiP, LM, МН",2,двери,Gen.Sing,Я стою у двери и жду тебя.,I am standing by the door waiting for you.,_,жильё,
дверь,288,door,N.Fem.Inan,A1,"Golosa, MiP, LM, МН",3,дверью,Ins.Sing,"За дверью стоял человек, но я не видел его лица.","There was someone behind the door, but I couldn’t see their face.",_,жильё,
мама,289,mother,N.Fem.Anim,A1,"Golosa, MiP, LM, МН",1,мама,Nom.Sing,Кем работает твоя мама?,What job does your mom have?,_,люди,
мама,290,mother,N.Fem.Anim,A1,"Golosa, MiP, LM, МН",2,мамы,Gen.Sing,У моей мамы очень красивые глаза.,My mom has very beautiful eyes.,_,люди,
мама,291,mother,N.Fem.Anim,A1,"Golosa, MiP, LM, МН",3,маме,Dat.Sing,Только не рассказывайте это моей маме!,Please don’t tell that to my mom!,_,люди,
центр,292,center,N.Masc.Inan,A1,"MiP, LM, МН",1,центре,Loc.Sing,Давай встретимся в центре в восемь?,Let's meet in the city center at eight o’clock?,_,путешествие,
центр,293,center,N.Masc.Inan,A1,"MiP, LM, МН",2,центра,Gen.Sing,Вечером так сложно выехать из центра — пробки!,It's so difficult to drive from the city centre in the evening — so much traffic!,_,путешествие,
центр,294,center,N.Masc.Inan,A1,"MiP, LM, МН",3,центр,Nom.Sing,Исторический центр города сохранился с XV века.,The historical centre of the city has been preserved since the 15th century.,_,путешествие,
игра,295,game,N.Fem.Inan,A1,"Golosa, MiP, МН",1,игры,Gen.Sing,Ты знаешь правила этой игры?,Do you know the rules of this game?,_,"люди, свободное время",
игра,296,game,N.Fem.Inan,A1,"Golosa, MiP, МН",2,игра,Nom.Sing,Что наша жизнь? Игра!,What is our life? A game!,_,"люди, свободное время",
игра,297,game,N.Fem.Inan,A1,"Golosa, MiP, МН",3,игру,Acc.Sing,Кто-нибудь сыграет со мной в игру?,Will someone play this game with me?,_,"люди, свободное время",
банк,298,bank,N.Masc.Inan,A1,"Golosa, MiP, LM, МН, Поехали",1,банков,Gen.Plur,Во время экономического кризиса люди стали забирать свои деньги из банков.,During the economic crisis people started to take their money out of the banks.,_,учёба/работа,
банк,299,bank,N.Masc.Inan,A1,"Golosa, MiP, LM, МН, Поехали",2,банка,Gen.Sing,Мне позвонили из банка — документы готовы!,I got a call from the bank — the documents are ready!,_,учёба/работа,
банк,300,bank,N.Masc.Inan,A1,"Golosa, MiP, LM, МН, Поехали",3,банки,Nom.Plur,Банки сегодня не работают.,The banks are closed today.,_,учёба/работа,
улица,301,street,N.Fem.Inan,A1,"Golosa, MiP, LM, МН",1,улице,Loc.Sing,"На улице холодно, одевайся теплее.","It's cold outside, dress warmly.",_,"путешествие, жильё",
улица,302,street,N.Fem.Inan,A1,"Golosa, MiP, LM, МН",2,улицу,Acc.Sing,"Я не хочу выходить на улицу, там дождь!","I don't want to go outside, it’s raining!",_,"путешествие, жильё",
улица,303,street,N.Fem.Inan,A1,"Golosa, MiP, LM, МН",3,улицы,Gen.Sing,На другой стороне улицы наш дом.,Our house is on the other side of the street.,_,"путешествие, жильё",
статья,304,article,N.Fem.Inan,A1,"Golosa, MiP, МН",1,статье,Loc.Sing,В этой статье пишут о российской экономике. Надо почитать.,They write about the Russian economy in this article. I need to read it.,_,учёба/работа,
статья,305,article,N.Fem.Inan,A1,"Golosa, MiP, МН",2,статья,Nom.Sing,Эта статья мне не нравится.,I don't like this article.,_,учёба/работа,
статья,306,article,N.Fem.Inan,A1,"Golosa, MiP, МН",3,статьи,Gen.Sing,"Я ничего не понял из статьи по физике. Объясни мне, пожалуйста!","I didn’t understand anything from that article on physics. Could you explain it to me, please?",_,учёба/работа,
окно,307,window,N.Neut.Inan,A1,"Golosa, MiP, LM, МН",1,окна,Gen.Sing,Он смотрел на нас из окна.,He was watching us from the window.,_,жильё,
окно,308,window,N.Neut.Inan,A1,"Golosa, MiP, LM, МН",2,окно,Acc.Sing,Я люблю смотреть в окно по вечерам.,I like to stare out the window in the evening.,_,жильё,
окно,309,window,N.Neut.Inan,A1,"Golosa, MiP, LM, МН",3,окном,Ins.Sing,"За окном зима, а дома тепло и уютно.","It's winter outside, but inside the house it’s warm and cozy.",_,жильё,
продукт,310,product,N.Masc.Inan,A1,"LM, МН",1,продуктов,Gen.Plur,Я составил список продуктов на неделю.,I made a grocery list for the week.,_,"еда, магазин",
продукт,311,product,N.Masc.Inan,A1,"LM, МН",2,продукта,Gen.Sing,У нового продукта компании много достоинств.,The company's new product has many advantages.,_,"еда, магазин",
продукт,312,product,N.Masc.Inan,A1,"LM, МН",3,продукты,Nom.Plur,Мои любимые продукты — творог и сметана.,My favorite food items are cottage cheese and sour cream.,_,"еда, магазин",
утро,313,morning,N.Neut.Inan,A1,"Golosa, MiP, LM, МН",1,утра,Gen.Sing,Я ничего не ел с утра.,I haven't eaten anything since this morning.,_,"мера, время",
утро,314,morning,N.Neut.Inan,A1,"Golosa, MiP, LM, МН",2,утром,Ins.Sing,Утром я ездила в банк.,I went to the bank this morning.,_,"мера, время",
утро,315,morning,N.Neut.Inan,A1,"Golosa, MiP, LM, МН",3,утро,Acc.Sing,Под утро выпал снег.,It was snowing right before the morning came.,_,"мера, время",
купить,316,buy,V,A1,"Golosa, MiP, LM, МН",1,купить,Perf.Inf,Я хочу купить это платье.,I want to buy this dress.,_,магазин,
купить,317,buy,V,A1,"Golosa, MiP, LM, МН",2,купил,Perf.Masc.Sing.Past,Он купил себе новую машину.,He bought himself a new car.,_,магазин,
купить,318,buy,V,A1,"Golosa, MiP, LM, МН",3,купила,Perf.Fem.Sing.Past,Она купила себе новый дом.,She bought herself a new house.,_,магазин,
дорога,319,road,N.Fem.Inan,A1,"LM, МН",1,дороги,Gen.Sing,У дороги стоит маленький магазин.,There is a little shop by the side of the road.,_,путешествие,
дорога,320,road,N.Fem.Inan,A1,"LM, МН",2,дорогу,Acc.Sing,Переходите через дорогу только по светофору!,Cross the road only when the light is green!,_,путешествие,
дорога,321,road,N.Fem.Inan,A1,"LM, МН",3,дороге,Dat.Sing,"Лось подошёл близко к дороге, и мы смогли его сфотографировать.",The moose came close to the road and we managed to take a photo of it.,_,путешествие,
курить,322,smoke,V,A1,"MiP, МН",1,курить,Imperf.Inf,Он бросил курить десять лет назад.,He quit smoking 10 years ago.,_,"люди, здоровье",
курить,323,smoke,V,A1,"MiP, МН",2,курил,Imperf.Masc.Sing.Past,Я раньше много курил.,I used to smoke a lot.,_,"люди, здоровье",
курить,324,smoke,V,A1,"MiP, МН",3,курю,Imperf.Sing.1,Я не курю.,I don't smoke.,_,"люди, здоровье",
река,325,river,N.Fem.Inan,A1,"MiP, LM, МН",1,реки,Gen.Sing,До реки идти десять минут.,It takes ten minutes to walk to the river.,_,путешествие,
река,326,river,N.Fem.Inan,A1,"MiP, LM, МН",2,река,Nom.Sing,Как называется эта река? Это Волга.,What is the name of this river? It's the Volga.,_,путешествие,
река,327,river,N.Fem.Inan,A1,"MiP, LM, МН",3,реку,Acc.Sing,Нам нужен мост через реку.,We need a bridge across the river.,_,путешествие,
лежать,328,lie,V,A1,"Golosa, MiP, LM, МН",1,лежит,Imperf.Sing.3,Где лежит мой паспорт? Я не могу его найти.,Where is my passport? I can’t find it.,_,"свободное время, жильё",
лежать,329,lie,V,A1,"Golosa, MiP, LM, МН",2,лежал,Imperf.Masc.Sing.Past,"В прошлый вторник я лежал на пляже, а сегодня должен работать.",Last Tuesday I was lying on the beach and today I have to work.,_,"свободное время, жильё",
лежать,330,lie,V,A1,"Golosa, MiP, LM, МН",3,лежат,Imperf.Plur.3,Книги лежат на столе.,The books are lying on the table.,_,"свободное время, жильё",
поэт,331,poet,N.Masc.Anim,A1,"MiP, LM, МН",1,поэт,Nom.Sing,Пушкин — великий русский поэт.,Pushkin is a great Russian poet.,_,"люди, учёба/работа",
поэт,332,poet,N.Masc.Anim,A1,"MiP, LM, МН",2,поэта,Gen.Sing,Я люблю стихи этого поэта.,I like this poet's poems.,_,"люди, учёба/работа",
поэт,333,poet,N.Masc.Anim,A1,"MiP, LM, МН",3,поэту,Dat.Sing,В нашем городе есть памятник поэту двадцатого века — Владимиру Маяковскому.,In our city there is a statue of the 20th century poet Vladimir Mayakovsky.,_,"люди, учёба/работа",
отец,334,father,N.Masc.Anim,A1,"LM, МН",1,отец,Nom.Sing,Этот человек — её отец.,This person is her father.,_,люди,
отец,335,father,N.Masc.Anim,A1,"LM, МН",2,отца,Gen.Sing,40% детей в России растут без отца.,40% of children in Russia grow up without a father.,_,люди,
отец,336,father,N.Masc.Anim,A1,"LM, МН",3,отцом,Ins.Sing,Сложно ли быть отцом?,Is it difficult to be a father?,_,люди,
комната,337,room,N.Fem.Inan,A1,"Golosa, MiP, LM, МН",1,комнату,Acc.Sing,"Пожалуйста, не заходите в мою комнату.","Please, don’t come in my room.",_,жильё,
комната,338,room,N.Fem.Inan,A1,"Golosa, MiP, LM, МН",2,комнате,Loc.Sing,В этой комнате три окна.,There are 3 windows in this room.,_,жильё,
комната,339,room,N.Fem.Inan,A1,"Golosa, MiP, LM, МН",3,комнаты,Gen.Sing,В углу комнаты стоял шкаф.,There was a wardrobe in the corner of the room.,_,жильё,
любить,340,love,V,A1,"Golosa, MiP, LM, МН",1,люблю,Imperf.Sing.1,Я люблю фильмы Вуди Аллена.,I like films by Woody Allen.,_,внутренний мир,
любить,341,love,V,A1,"Golosa, MiP, LM, МН",2,любит,Imperf.Sing.3,Вася любит Машу.,Vasya loves Masha.,_,внутренний мир,
любить,342,love,V,A1,"Golosa, MiP, LM, МН",3,любил,Imperf.Masc.Sing.Past,Ты когда-нибудь любил по-настоящему?,Have you ever truly loved somebody?,_,внутренний мир,
картина,343,painting,N.Fem.Inan,A1,"LM, МН",1,картина,Nom.Sing,Моя любимая картина — «Подсолнухи» Ван Гога.,"My favorite painting is ""Sunflowers"" by Van Gogh.",_,"жильё, свободное время",
картина,344,painting,N.Fem.Inan,A1,"LM, МН",2,картину,Acc.Sing,Я хочу купить эту картину.,I want to buy this painting.,_,"жильё, свободное время",
картина,345,painting,N.Fem.Inan,A1,"LM, МН",3,картины,Gen.Sing,Я хочу купить раму для своей картины.,I want to buy a frame for my painting.,_,"жильё, свободное время",
жена,346,wife,N.Fem.Anim,A1,"Golosa, MiP, LM, МН",1,жена,Nom.Sing,Моя жена работает в банке.,My wife works in the bank.,_,люди,
жена,347,wife,N.Fem.Anim,A1,"Golosa, MiP, LM, МН",2,женой,Ins.Sing,Завтра мы с женой идём в театр.,Tomorrow my wife and I are going to the theatre.,_,люди,
жена,348,wife,N.Fem.Anim,A1,"Golosa, MiP, LM, МН",3,жены,Gen.Sing,У моей жены интересная работа.,My wife has an interesting job.,_,люди,
учитель,349,teacher,N.Masc.Anim,A1,"Golosa, MiP, МН",1,учитель,Nom.Sing,Мой учитель английского живёт в Лондоне.,My English teacher lives in London.,_,"люди, учёба/работа",
учитель,350,teacher,N.Masc.Anim,A1,"Golosa, MiP, МН",2,учителя,Nom.Plur,Все учителя в нашей школе — женщины.,All the teachers in our school are women.,_,"люди, учёба/работа",
учитель,351,teacher,N.Masc.Anim,A1,"Golosa, MiP, МН",3,учителей,Gen.Plur,Мы приготовили подарок для наших учителей.,We prepared a gift for our teachers.,_,"люди, учёба/работа",
мечтать,352,dream,V,A1,"MiP, МН, Кс",1,мечтала,Imperf.Fem.Sing.Past,В детстве я мечтала стать певицей.,"When I was a child, I dreamed about becoming a singer.",_,внутренний мир,
мечтать,353,dream,V,A1,"MiP, МН, Кс",2,мечтал,Imperf.Masc.Sing.Past,В детстве он мечтал стать художником.,"When he was a child, he wanted to become an artist.",_,внутренний мир,
мечтать,354,dream,V,A1,"MiP, МН, Кс",3,мечтает,Imperf.Sing.3,Вася мечтает об отпуске — он очень устал.,Vasya is dreaming about a vacation — he is very tired.,_,внутренний мир,
мочь,355,be able,V,A1,"Golosa, MiP, LM, МН",1,может,Imperf.Sing.3,"Он сейчас не может говорить по телефону, он летит в Нью-Йорк.","He can’t talk on the phone now, he’s flying to New York.",_,"люди, свободное время",
мочь,356,be able,V,A1,"Golosa, MiP, LM, МН",2,могут,Imperf.Plur.3,"Они так устали, что не могут встать!",They are so tired that they can’t stand up!,_,"люди, свободное время",
мочь,357,be able,V,A1,"Golosa, MiP, LM, МН",3,могу,Imperf.Sing.1,Я не могу найти свой паспорт.,I can't find my passport.,_,"люди, свободное время",
черный,358,black,A,A1,"LM, МН",1,чёрных,Gen.Plur,Они пьют чай из чёрных кружек.,They are drinking tea from black mugs.,_,описание,
черный,359,black,A,A1,"LM, МН",2,чёрной,Gen.Fem.Sing,Он достал футболку из чёрной сумки.,He took a T-shirt out of the black bag.,_,описание,
черный,360,black,A,A1,"LM, МН",3,чёрными,Ins.Plur,Вы видите эту девочку с чёрными волосами?,Do you see that girl with black hair?,_,описание,
район,361,neighborhood,N.Masc.Inan,A1,"MiP, LM, МН",1,района,Gen.Sing,Эта девочка из нашего района.,This girl is from our neighborhood.,_,"путешествие, жильё",
район,362,neighborhood,N.Masc.Inan,A1,"MiP, LM, МН",2,районе,Loc.Sing,В нашем районе много магазинов.,There are many shops in our neighborhood.,_,"путешествие, жильё",
район,363,neighborhood,N.Masc.Inan,A1,"MiP, LM, МН",3,районах,Loc.Plur,Что интересного есть в ваших районах?,What interesting things do you have in your neighborhoods?,_,"путешествие, жильё",
любовь,364,love,N.Fem.Inan,A1,"LM, МН",1,любовь,Nom.Sing,Это была любовь с первого взгляда.,It was love from first sight.,_,"внутренний мир, люди",
любовь,365,love,N.Fem.Inan,A1,"LM, МН",2,любви,Gen.Sing,Трудно жить без любви.,It's hard to live without love.,_,"внутренний мир, люди",
любовь,366,love,N.Fem.Inan,A1,"LM, МН",3,любовью,Ins.Sing,Моя мама всегда готовит с любовью.,My mom always cooks with love.,_,"внутренний мир, люди",
называться,367,be called,V,A1,"MiP, LM, МН",1,называется,Imperf.Sing.3,Как называется этот цветок?,What is the name of this flower?,_,описание,
называться,368,be called,V,A1,"MiP, LM, МН",2,называются,Imperf.Plur.3,Как называются эти овощи?,What are these vegetables called?,_,описание,
называться,369,be called,V,A1,"MiP, LM, МН",3,называлась,Imperf.Fem.Sing.Past,Раньше эта улица называлась по-другому.,This street used to have a different name.,_,описание,
театр,370,theatre,N.Masc.Inan,A1,"Golosa, MiP, МН",1,театре,Loc.Sing,Мы вчера были в театре.,We were at the theatre yesterday.,_,свободное время,
театр,371,theatre,N.Masc.Inan,A1,"Golosa, MiP, МН",2,театра,Gen.Sing,Мы только что вернулись из театра.,We just got back from the theatre.,_,свободное время,
театр,372,theatre,N.Masc.Inan,A1,"Golosa, MiP, МН",3,театр,Nom.Sing,Этот театр — самый старый в городе.,This theatre is the oldest one in town.,_,свободное время,
неделя,373,week,N.Fem.Inan,A1,"Golosa, MiP, LM, МН",1,неделю,Acc.Sing,Я хожу в бассейн 2 раза в неделю.,I go to the swimming pool twice a week.,_,"мера, время",
неделя,374,week,N.Fem.Inan,A1,"Golosa, MiP, LM, МН",2,недели,Gen.Sing,Через 2 недели мы полетим в Англию.,In 2 weeks we are going to England.,_,"мера, время",
неделя,375,week,N.Fem.Inan,A1,"Golosa, MiP, LM, МН",3,неделе,Loc.Sing,На следующей неделе мы идём в театр.,We’re going to the theatre the next week.,_,"мера, время",
написать,376,write,A,A1,"Golosa, MiP, LM, МН",1,написано,Perf.PastPassiveParticiple.Neut.Sing,На билете написано время начала концерта.,The concert's starting time is written on the ticket.,_,"учёба/работа, люди, общение",
написать,377,write,V,A1,"Golosa, MiP, LM, МН",2,написал,Perf.Masc.Sing.Past,"Я написал письмо, но забыл его отправить.","I wrote a letter, but forgot to send it.",_,"учёба/работа, люди, общение",
написать,378,write,V,A1,"Golosa, MiP, LM, МН",3,написать,Perf.Inf,Как написать стихотворение?,How does one write a poem?,_,"учёба/работа, люди, общение",
предмет,379,thing,N.Masc.Inan,A1,"Golosa, MiP, LM, МН",1,предметов,Gen.Plur,В салоне самолёта не должно быть опасных предметов.,There shouldn’t be any dangerous items inside the aircraft.,_,учёба/работа,
предмет,380,thing,N.Masc.Inan,A1,"Golosa, MiP, LM, МН",2,предметы,Nom.Plur,"Я не знаю, как называются эти предметы.",I don't know what these things are called.,_,учёба/работа,
предмет,381,thing,N.Masc.Inan,A1,"Golosa, MiP, LM, МН",3,предмет,Acc.Sing,Я не вижу предмет у него в руках.,I can’t see the thing that he’s holding in his hands.,_,учёба/работа,
сын,382,son,N.Masc.Anim,A1,"Golosa, MiP, LM, МН",1,сын,Nom.Sing,Мой сын любит апельсины.,My son likes oranges.,_,люди,
сын,383,son,N.Masc.Anim,A1,"Golosa, MiP, LM, МН",2,сына,Acc.Sing,Я люблю своего сына.,I love my son.,_,люди,
сын,384,son,N.Masc.Anim,A1,"Golosa, MiP, LM, МН",3,сыну,Dat.Sing,Я купила сыну новую куртку.,I bought my son a new coat.,_,люди,
литература,385,literature,N.Fem.Inan,A1,"Golosa, MiP, LM, МН",1,литературы,Gen.Sing,Больше всего я люблю уроки литературы.,I like literature classes best of all.,_,"учёба/работа, свободное время",
литература,386,literature,N.Fem.Inan,A1,"Golosa, MiP, LM, МН",2,литературе,Loc.Sing,Ответ на любой вопрос можно найти в литературе.,You can find the answer to any question in the literature.,_,"учёба/работа, свободное время",
литература,387,literature,N.Fem.Inan,A1,"Golosa, MiP, LM, МН",3,литература,Nom.Sing,Русская литература начала активно развиваться в XIX веке.,Russian literature started actively developing in the 19th century.,_,"учёба/работа, свободное время",
магазин,388,shop,N.Masc.Inan,A1,"Golosa, MiP, LM, МН",1,магазина,Gen.Sing,Я вышла из магазина и пошла в банк.,I walked out of the shop and went into the bank.,_,магазин,
магазин,389,shop,N.Masc.Inan,A1,"Golosa, MiP, LM, МН",2,магазинах,Loc.Plur,Во всех магазинах сейчас распродажа! Пора покупать новую одежду.,There are sales in all the shops! Time to buy new clothes.,_,магазин,
магазин,390,shop,N.Masc.Inan,A1,"Golosa, MiP, LM, МН",3,магазинов,Gen.Plur,Мы только что вернулись домой из магазинов.,We just returned home from shopping.,_,магазин,
настоящий,391,real,A,A1,"MiP, МН",1,настоящее,Inan.Acc.Neut.Sing,В Замбии я увидел настоящее чудо природы — водопад Виктория.,I saw a real miracle of nature in Zambia — Victoria falls.,_,"время, описание",
настоящий,392,real,A,A1,"MiP, МН",2,настоящий,Nom.Masc.Sing,Это настоящий мех или искусственный?,Is this fur real or artificial?,_,"время, описание",
настоящий,393,real,A,A1,"MiP, МН",3,настоящая,Nom.Fem.Sing,Рядом с нашей яхтой проплыла настоящая акула!,A real shark just passed by our yacht!,_,"время, описание",
смерть,394,death,N.Fem.Inan,A1,"Golosa, MiP, МН",1,смерти,Gen.Sing,Я до смерти боюсь высоты.,I’m scared to death of heights!,_,"люди, время, здоровье",
смерть,395,death,N.Fem.Inan,A1,"Golosa, MiP, МН",2,смерть,Nom.Sing,Смерть пугает многих людей.,Death scares many people.,_,"люди, время, здоровье",
смерть,396,death,N.Fem.Inan,A1,"Golosa, MiP, МН",3,смертью,Ins.Sing,Перед смертью все равны.,Everybody is equal in the face of death.,_,"люди, время, здоровье",
муж,397,husband,N.Masc.Anim,A1,"Golosa, MiP, LM, МН",1,муж,Nom.Sing,Мой муж работает в университете.,My husband works at the university.,_,люди,
муж,398,husband,N.Masc.Anim,A1,"Golosa, MiP, LM, МН",2,мужа,Gen.Sing,У моего мужа много друзей.,My husband has many friends.,_,люди,
муж,399,husband,N.Masc.Anim,A1,"Golosa, MiP, LM, МН",3,мужем,Ins.Sing,Мы с мужем много путешествуем.,My husband and I travel a lot.,_,люди,
находиться,400,be located,V,A1,"MiP, LM, МН",1,находится,Imperf.Sing.3,Где находится Мыс Доброй Надежды?,Where is the Cape of Good Hope located?,_,"путешествие, жильё",
находиться,401,be located,V,A1,"MiP, LM, МН",2,находятся,Imperf.Plur.3,Где находятся Лофотенские острова?,Where are the Lofoten islands located?,_,"путешествие, жильё",
находиться,402,be located,V,A1,"MiP, LM, МН",3,находился,Imperf.Masc.Sing.Past,"Всю прошлую неделю я находился в больнице, поэтому не мог вам ответить.","All of last week I was in the hospital, that’s why I couldn’t reply to you.",_,"путешествие, жильё",
государственный,403,state,A,A1,"Golosa, MiP, МН",1,государственных,Gen.Plur,"В России государственных школ больше, чем частных.",There are more state-funded schools than private schools in Russia.,_,"учёба/работа, политика",
государственный,404,state,A,A1,"Golosa, MiP, МН",2,государственной,Gen.Fem.Sing,Я недавно ушла из государственной организации и начала работать в бизнесе.,Not long ago I quit working for a government agency and took a new job in business.,_,"учёба/работа, политика",
государственный,405,state,A,A1,"Golosa, MiP, МН",3,государственного,Gen.Masc.Sing,Мой брат — выпускник Московского государственного университета.,My brother is a graduate of Moscow State University.,_,"учёба/работа, политика",
старый,406,old,A,A1,"Golosa, MiP, LM, МН",1,старых,Gen.Plur,Я сделала новую сумку из старых джинсов.,I made a new purse from some old jeans.,_,"люди, мера, время",
старый,407,old,A,A1,"Golosa, MiP, LM, МН",2,старый,Nom.Masc.Sing,Мой старый друг сегодня в Москве. Я хочу его увидеть!,My old friend is in Moscow today. I want to see him!,_,"люди, мера, время",
старый,408,old,A,A1,"Golosa, MiP, LM, МН",3,старая,Nom.Fem.Sing,"Моя старая юбка порвалась, нужно покупать новую.","My old skirt’s torn, I need to buy a new one.",_,"люди, мера, время",
нравиться,409,like,V,A1,"Golosa, MiP, LM, МН",1,нравится,Imperf.Sing.3,"Мне нравится это платье, но оно слишком дорогое.",I like this dress but it’s too expensive.,_,внутренний мир,
нравиться,410,like,V,A1,"Golosa, MiP, LM, МН",2,нравятся,Imperf.Plur.3,Мне не нравятся новые правила!,I don't like the new rules!,_,внутренний мир,
нравиться,411,like,V,A1,"Golosa, MiP, LM, МН",3,нравилось,Imperf.Neut.Sing.Past,Мне всегда нравилось это платье.,I have always liked that dress.,_,внутренний мир,
современный,412,modern,A,A1,"MiP, МН",1,современной,Gen.Fem.Sing,Я не хочу переезжать из современной квартиры в дом в деревне.,I don't want to move from a modern apartment to a house in a village.,_,"время, описание",
современный,413,modern,A,A1,"MiP, МН",2,современных,Gen.Plur,Кто из современных писателей тебе нравится?,Which of the modern writers do you like?,_,"время, описание",
современный,414,modern,A,A1,"MiP, МН",3,современная,Nom.Fem.Sing,Мне нравится современная живопись.,I like contemporary paintings.,_,"время, описание",
газета,415,newspaper,N.Fem.Inan,A1,"Golosa, MiP, LM, МН",1,газеты,Gen.Sing,У этой газеты много читателей.,This newspaper has a lot of readers.,_,"свободное время, учёба/работа",
газета,416,newspaper,N.Fem.Inan,A1,"Golosa, MiP, LM, МН",2,газет,Gen.Plur,Все новости моя бабушка узнает из газет.,My grandmother gets all the news from newspapers.,_,"свободное время, учёба/работа",
газета,417,newspaper,N.Fem.Inan,A1,"Golosa, MiP, LM, МН",3,газету,Acc.Sing,Он написал в газету объявление о продаже дома.,He put an ad about a house for sale in the newspaper.,_,"свободное время, учёба/работа",
музыка,418,music,N.Fem.Inan,A1,"Golosa, MiP, LM, МН",1,музыка,Nom.Sing,Какая музыка тебе нравится?,What kind of music do you like?,_,свободное время,
музыка,419,music,N.Fem.Inan,A1,"Golosa, MiP, LM, МН",2,музыку,Acc.Sing,Я люблю классическую музыку.,I love classical music.,_,свободное время,
музыка,420,music,N.Fem.Inan,A1,"Golosa, MiP, LM, МН",3,музыки,Gen.Sing,Я не могу сидеть в комнате без музыки.,I can't sit in the room without having the music on.,_,свободное время,
журнал,421,magazine,N.Masc.Inan,A1,"Golosa, MiP, LM, МН",1,журнала,Gen.Sing,В детстве я вырезала картинки из журнала мод.,As a child I used to cut pictures out of a fashion magazine.,_,"свободное время, учёба/работа",
журнал,422,magazine,N.Masc.Inan,A1,"Golosa, MiP, LM, МН",2,журнал,Acc.Sing,Ты уже читал этот журнал? Он интересный?,Have you read this magazine? Is it interesting?,_,"свободное время, учёба/работа",
журнал,423,magazine,N.Masc.Inan,A1,"Golosa, MiP, LM, МН",3,журналов,Gen.Plur,"Я люблю смотреть на картинки из модных журналов, они такие красивые.","I like to look at pictures in fashion magazines, they are so beautiful.",_,"свободное время, учёба/работа",
экономика,424,economics,N.Fem.Inan,A1,"Golosa, MiP, МН",1,экономики,Gen.Sing,Новости экономики меня не интересуют.,News about the economy doesn’t interest me.,_,учёба/работа,
экономика,425,economics,N.Fem.Inan,A1,"Golosa, MiP, МН",2,экономика,Nom.Sing,Мировая экономика сейчас в кризисе.,The world economy is now in crisis.,_,учёба/работа,
экономика,426,economics,N.Fem.Inan,A1,"Golosa, MiP, МН",3,экономике,Loc.Sing,Она хорошо разбирается в мировой экономике и политике.,She knows a lot about the global economy and politics.,_,учёба/работа,
письмо,427,letter,N.Neut.Inan,A1,"Golosa, MiP, LM, МН",1,письмо,Acc.Sing,Вы уже получили моё письмо?,Have you received my letter yet?,_,"учёба/работа, люди",
письмо,428,letter,N.Neut.Inan,A1,"Golosa, MiP, LM, МН",2,письма,Gen.Sing,"Из его письма мы узнали, что возвращаться домой он не планирует.",We understood from his letter that he isn’t planning to return back home.,_,"учёба/работа, люди",
письмо,429,letter,N.Neut.Inan,A1,"Golosa, MiP, LM, МН",3,письме,Loc.Sing,В письме я написал о своей работе.,In my letter I wrote about my job.,_,"учёба/работа, люди",
дедушка,430,grandfather,N.Masc.Anim,A1,"Golosa, MiP, LM, МН",1,дедушка,Nom.Sing,Мой дедушка любит играть в бильярд.,My grandfather likes to play pool.,_,люди,
дедушка,431,grandfather,N.Masc.Anim,A1,"Golosa, MiP, LM, МН",2,дедушкой,Ins.Sing,В детстве я любила играть с дедушкой.,As a child I liked to play with my grandfather.,_,люди,
дедушка,432,grandfather,N.Masc.Anim,A1,"Golosa, MiP, LM, МН",3,дедушки,Gen.Sing,Я вчера был у дедушки в гостях.,I visited my grandfather yesterday.,_,люди,
девушка,433,girl,N.Fem.Anim,A1,"Golosa, MiP, LM, МН",1,девушка,Nom.Sing,"Ты знаешь, кто эта девушка?",Do you know who that girl is?,_,люди,
девушка,434,girl,N.Fem.Anim,A1,"Golosa, MiP, LM, МН",2,девушки,Nom.Plur,"Эти девушки работают стюардессами, поэтому проходят паспортный контроль первыми.","These young women work as stewardesses, that’s why they are the first ones to go through passport control.",_,люди,
девушка,435,girl,N.Fem.Anim,A1,"Golosa, MiP, LM, МН",3,девушку,Acc.Sing,Видите ту девушку на лестнице? Это моя сестра.,Do you see that girl on the stairs? That’s my sister.,_,люди,
обедать,436,have lunch,V,A1,"Golosa, MiP, LM, МН",1,обедать,Imperf.Inf,Когда мы будем обедать? Я уже проголодался.,When will we have lunch? I’m hungry already.,_,еда,
обедать,437,have lunch,V,A1,"Golosa, MiP, LM, МН",2,обедали,Imperf.Plur.Past,Вы уже обедали сегодня?,Have you already had lunch today?,_,еда,
обедать,438,have lunch,V,A1,"Golosa, MiP, LM, МН",3,обедал,Imperf.Masc.Sing.Past,На прошлой неделе я каждый день обедал в кафе рядом с работой.,Last week I had lunch at the cafe next to my workplace every day.,_,еда,
бабушка,439,grandmother,N.Fem.Anim,A1,"Golosa, MiP, LM, МН, Поехали",1,бабушка,Nom.Sing,Моя бабушка живёт в другом городе.,My grandmother lives in another city.,_,люди,
бабушка,440,grandmother,N.Fem.Anim,A1,"Golosa, MiP, LM, МН, Поехали",2,бабушки,Gen.Sing,У моей бабушки дома много интересных картин. Она рисует их сама.,My grandmother has many interesting paintings at home. She paints them herself.,_,люди,
бабушка,441,grandmother,N.Fem.Anim,A1,"Golosa, MiP, LM, МН, Поехали",3,бабушку,Acc.Sing,"Я научила бабушку пользоваться айфоном, и теперь мы каждый день разговариваем с ней по скайпу.",I taught my grandmother to use an iPhone and now I talk to her on Skype every day.,_,люди,
стена,442,wall,N.Fem.Inan,A1,"Golosa, MiP, МН",1,стене,Dat.Sing,Поставь этот стол к стене.,Put that table next to the wall.,_,жильё,
стена,443,wall,N.Fem.Inan,A1,"Golosa, MiP, МН",2,стенах,Loc.Plur,На всех стенах в моей квартире висят фотографии нашей семьи.,There are photos of our family on all the walls in my apartment.,_,жильё,
стена,444,wall,N.Fem.Inan,A1,"Golosa, MiP, МН",3,стену,Acc.Sing,Я хочу повесить новую картину на стену в моей комнате.,I want to put a new picture on the wall in my room.,_,жильё,
опаздывать,445,be late,V,A1,"Golosa, MiP, МН",1,опаздывая,Imperf.Gerund,"Даже опаздывая на самолёт, помните о своей безопасности и не переходите дорогу на красный свет.","Even if you are late for a flight, think of your safety and don’t cross the road when the light is red.",_,"время, учёба/работа",
опаздывать,446,be late,V,A1,"Golosa, MiP, МН",2,опаздывают,Imperf.Plur.3,Мои друзья часто опаздывают на наши встречи.,My friends are often late when we meet up.,_,"время, учёба/работа",
опаздывать,447,be late,V,A1,"Golosa, MiP, МН",3,опаздывал,Imperf.Masc.Sing.Past,Я никогда раньше не опаздывал на самолёт.,I have never been late for a flight before.,_,"время, учёба/работа",
море,448,sea,N.Neut.Inan,A1,"MiP, МН",1,моря,Gen.Sing,Я мечтаю жить у моря.,I dream about living by the sea.,_,путешествие,
море,449,sea,N.Neut.Inan,A1,"MiP, МН",2,море,Nom.Sing,Красное море — самое тёплое в мире.,The Red Sea is the warmest sea in the world.,_,путешествие,
море,450,sea,N.Neut.Inan,A1,"MiP, МН",3,морю,Dat.Sing,Прошлым летом мы ездили к морю.,We went to the seaside last summer.,_,путешествие,
брат,451,brother,N.Masc.Anim,A1,"Golosa, MiP, LM, МН, Поехали",1,брат,Nom.Sing,Мой брат ходит в школу.,My brother goes to school.,_,люди,
брат,452,brother,N.Masc.Anim,A1,"Golosa, MiP, LM, МН, Поехали",2,брата,Acc.Sing,Я очень люблю своего младшего брата.,I love my younger brother very much.,_,люди,
брат,453,brother,N.Masc.Anim,A1,"Golosa, MiP, LM, МН, Поехали",3,братья,Nom.Plur,Мои братья живут в Париже.,My brothers live in Paris.,_,люди,
отдыхать,454,rest,V,A1,"Golosa, MiP, LM, МН",1,отдыхать,Imperf.Inf,Как вы любите отдыхать после работы? Я — с книжкой на диване или в кино с друзьями.,How do you like to relax after work? I prefer to be with a book on the sofa or at the movies with my friends.,_,свободное время,
отдыхать,455,rest,V,A1,"Golosa, MiP, LM, МН",2,отдыхают,Imperf.Plur.3,Дети долго бегали и теперь отдыхают.,The children did a lot of running and now they’re resting.,_,свободное время,
отдыхать,456,rest,V,A1,"Golosa, MiP, LM, МН",3,отдыхали,Imperf.Plur.Past,"Мы так давно не отдыхали, я ужасно устала!","We haven't had any rest for a such long time, I am so terribly exhausted!",_,свободное время,
плохой,457,bad,A,A1,"Golosa, MiP, LM, МН",1,хуже,Comparative,Разве мы хуже других?,Are we really worse than the others?,_,описание,
плохой,458,bad,A,A1,"Golosa, MiP, LM, МН",2,плохо,Adverb,"Очень плохо, что ты никому не сказал, что не придёшь на встречу. Мы тебя ждали!",It's bad you didn’t tell anybody that you couldn't meet up. We were waiting for you!,_,описание,
плохой,459,bad,A,A1,"Golosa, MiP, LM, МН",3,плохого,Gen.Neut.Sing,"Что плохого в том, чтобы спать 5 часов в сутки?",What’s bad about sleeping 5 hours a day?,_,описание,
роман,460,novel,N.Masc.Inan,A1,"Golosa, MiP, LM, МН",1,романа,Gen.Sing,Эта строчка из романа «Война и Мир» Льва Толстого.,"This is a line from the novel ""War and Peace"" by Leo Tolstoy.",_,"учёба/работа, свободное время",
роман,461,novel,N.Masc.Inan,A1,"Golosa, MiP, LM, МН",2,роман,Nom.Sing,В 2017 году Букеровскую премию получил роман Джорджа Сондерса.,The 2017 Booker prize was awarded to a novel by George Saunders.,_,"учёба/работа, свободное время",
роман,462,novel,N.Masc.Inan,A1,"Golosa, MiP, LM, МН",3,романе,Loc.Sing,В романе «Унесенные ветром» Маргарет Митчелл показала жизнь в Америке во время гражданской войны.,"In the novel ""Gone with the Wind"" Margaret Mitchell portrayed life in America during the Civil War.",_,"учёба/работа, свободное время",
петь,463,sing,V,A1,"MiP, LM, МН",1,петь,Imperf.Inf,"Я не умею петь, но очень хочу научиться!",I can't sing but I really want to learn!,_,"учёба/работа, свободное время",
петь,464,sing,V,A1,"MiP, LM, МН",2,пели,Imperf.Plur.Past,Вчера мы весь вечер пели наши любимые песни.,Yesterday we spent the whole evening singing our favorite songs.,_,"учёба/работа, свободное время",
петь,465,sing,V,A1,"MiP, LM, МН",3,поёт,Imperf.Sing.3,Он так красиво поёт!,She sings so beautifully!,_,"учёба/работа, свободное время",
писать,466,write,V,A1,"Golosa, MiP, LM, МН",1,писал,Imperf.Masc.Sing.Past,"Я писал тебе вчера, но ты не ответил.",I texted you yesterday but you didn’t reply.,_,"учёба/работа, люди, общение",
писать,467,write,V,A1,"Golosa, MiP, LM, МН",2,писать,Imperf.Inf,Я не люблю писать длинные письма.,I don't like to write long letters.,_,"учёба/работа, люди, общение",
писать,468,write,V,A1,"Golosa, MiP, LM, МН",3,пишет,Imperf.Sing.3,Он ушёл с работы и сейчас пишет свой первый роман.,He quit his job and now he’s writing his first novel.,_,"учёба/работа, люди, общение",